Name,Acquried Date,Fund1,Date1,investor11,investor12,investor13,fund2,date2,investor21,investor22,investor23,fund3,date3,investor31,investor32,investor33
INDIO,Not Acquired,$6M Series A,FEB '18,Merus Capital,8VC,N/A,$20M Series B,MAY '19,Menlo Ventures,8VC,N/A,N/A,N/A,N/A,N/A,N/A
MANAGED BY Q,MAY '19,$25M Series B,APR '16,GV,Kapor Capital,N/A,$30.5M Series C,DEC '16,GV,Homebrew,N/A,N/A,N/A,N/A,N/A,N/A
LENDA,APR '19,$1.5M Seed,OCT '14,Structure Capital,Winklevoss Capital,N/A,$2M Seed,NOV '15,Rubicon Venture Capital,500 Startups,N/A,READ PRESS,N/A,N/A,N/A,N/A
BUNCH,Not Acquired,$3.8M Seed,APR '19,Founders Fund,London Venture Partners,N/A,N/A,N/A,N/A,N/A,N/A,N/A,N/A,N/A,N/A,N/A
POLYMORPH,APR '19,$2M Seed,APR '14,Foundry Group,MDC Ventures (formerly KBS Ventures),N/A,$8.5M Series A,SEP '15,InterWest Partners,N/A,N/A,N/A,N/A,N/A,N/A,N/A
SELLBRITE,APR '19,$300K Seed,AUG '15,N/A,N/A,N/A,$200K Seed,JUN '17,Armando Biondi,N/A,N/A,READ PRESS,N/A,N/A,N/A,N/A
CONTACTUALLY,APR '19,$2M Seed,NOV '14,Crystal Tech Fund,500 Startups,N/A,$8M Series A,NOV '15,Rally Ventures,Correlation Ventures,N/A,N/A,N/A,N/A,N/A,N/A
LOUNGEBUDDY,APR '19,$3M Round,FEB '15,Founders Fund,N/A,N/A,READ PRESS,N/A,N/A,N/A,N/A,N/A,N/A,N/A,N/A,N/A
PADLET,Not Acquired,$1.7M Seed,SEP '15,Sumon Sadhu,Jeff Epstein,N/A,$11M Series A,APR '19,N/A,N/A,N/A,N/A,N/A,N/A,N/A,N/A
USER INTERVIEWS,Not Acquired,$5M Seed,MAR '19,Accomplice,FJ Labs,N/A,N/A,N/A,N/A,N/A,N/A,N/A,N/A,N/A,N/A,N/A
ITERABLE,Not Acquired,$1.2M Seed,JAN '15,Merus Capital,500 Startups,N/A,$8M Series A,JAN '16,N/A,N/A,N/A,$23M Round,DEC '16,Index Ventures,CRV,N/A
AMITREE,Not Acquired,$7.1M Series A,MAR '17,Accel,AME Cloud Ventures,N/A,$9.3M Series B,MAR '19,Accel,AME Cloud Ventures,N/A,N/A,N/A,N/A,N/A,N/A
ALTO IRA,Not Acquired,$2.8M Series A,MAR '19,Foundation Capital,Amplify.LA,N/A,N/A,N/A,N/A,N/A,N/A,N/A,N/A,N/A,N/A,N/A
OVERTIME,Not Acquired,$2.5M Seed,FEB '18,Greycroft Partners,N/A,N/A,$9.5M Series A,FEB '18,Andreessen Horowitz,Greycroft Partners,N/A,$23M Series B,FEB '19,Andreessen Horowitz,Spark Capital,N/A
POLLY,Not Acquired,$1.2M Seed,AUG '16,Amplify Partners,N/A,N/A,$7M Series A,FEB '19,Madrona Venture Group,Amplify Partners,N/A,N/A,N/A,N/A,N/A,N/A
CRAYON,Not Acquired,$1.5M Seed,APR '15,Converge Venture Partners,Dharmesh Shah,N/A,$3.4M Seed,NOV '16,Founder Collective,Baseline Ventures,N/A,$5M Seed,APR '18,Baseline Ventures,Founder Collective,N/A
TRIPPING.COM,JAN '19,$16M Series B,JUL '15,Enspire Capital,Azure Capital Partners,N/A,$35M Series C,DEC '16,Erik Blachford,Fritz Demopoulos,N/A,N/A,N/A,N/A,N/A,N/A
BOOM,Not Acquired,$100M Series B,JAN '19,Y Combinator,Caffeinated Capital,N/A,N/A,N/A,N/A,N/A,N/A,N/A,N/A,N/A,N/A,N/A
ZYMERGEN,Not Acquired,$2M Seed,MAR '14,Jenny Rooke,N/A,N/A,$44M Series A,JUN '15,Innovation Endeavors,Data Collective,N/A,$130M Series B,OCT '16,SoftBank Capital,True Ventures,N/A
SAY MEDIA,Not Acquired,$257K Round,DEC '14,Justin Kan,Sean Glass,N/A,$20M Acquisition,DEC '18,N/A,N/A,N/A,N/A,N/A,N/A,N/A,N/A
YAYPAY,Not Acquired,$5.3M Seed,SEP '17,QED Investors,500 Startups,N/A,$8.4M Series A,DEC '18,QED Investors,500 FinTech,N/A,N/A,N/A,N/A,N/A,N/A
DRIZLY,Not Acquired,$2.5M Seed,MAY '14,VaynerRSE,Suffolk Equity Partners,N/A,$13M Series A,MAY '15,Polaris Partners,Suffolk Equity Partners,N/A,$17M Series B,AUG '16,Polaris Partners,N/A,N/A
ALTO,Not Acquired,$23M Series B,JUN '17,Jackson Square Ventures,Meritech Capital,N/A,$50M Series C,DEC '18,Jackson Square Ventures,Greenoaks Capital,N/A,N/A,N/A,N/A,N/A,N/A
MATCHMADE,Not Acquired,$1.2M Seed,FEB '15,London Venture Partners,DN Capital,N/A,$1.7M Seed,AUG '17,Global Founders Capital,London Venture Partners,N/A,$4.8M Series A,NOV '18,London Venture Partners,Korea Investment Partners,N/A
SAPHO,Not Acquired,$3M Seed,JUN '14,Uncork Capital (formerly SoftTech VC),Morado Venture Partners,N/A,$1M Seed,DEC '14,N/A,N/A,N/A,$9.5M Series A,JUN '16,Alsop Louie Partners,Uncork Capital (formerly SoftTech VC),N/A
BENTOBOX,Not Acquired,$2.3M Seed,OCT '15,Female Founders Fund,Haystack,N/A,$7.8M Series A,JUL '17,Bullpen Capital,Jason Finger,N/A,$16.4M Series B,NOV '18,N/A,N/A,N/A
PRIMER,Not Acquired,$40M Series B,NOV '18,Lux Capital,Mubadala Ventures,N/A,N/A,N/A,N/A,N/A,N/A,N/A,N/A,N/A,N/A,N/A
XOXCO,NOV '18,$1.5M Seed,NOV '15,True Ventures,Betaworks,N/A,READ PRESS,N/A,N/A,N/A,N/A,N/A,N/A,N/A,N/A,N/A
FRAMER,Not Acquired,$1.3M Seed,MAR '15,Greylock Partners,Foundation Capital,N/A,$8M Series A,NOV '17,Accel,N/A,N/A,$24M Series B,NOV '18,Atomico,N/A,N/A
COZY,Not Acquired,$3.4M Round,AUG '15,General Catalyst,Jason Calacanis,N/A,$8.5M Series B,AUG '16,Social Capital,General Catalyst,N/A,$68M Acquisition,NOV '18,N/A,N/A,N/A
MAKELEAPS,OCT '18,$600K Round,SEP '14,Dave McClure,Naval Ravikant,N/A,READ PRESS,N/A,N/A,N/A,N/A,N/A,N/A,N/A,N/A,N/A
HACKAJOB,Not Acquired,$580K Seed,MAY '16,Downing Ventures,Potential International,N/A,$600K Seed,MAR '17,Downing Ventures,N/A,N/A,$6.7M Series A,OCT '18,Downing Ventures,London Co-Investment Fund,N/A
PILLOW,OCT '18,$2.7M Round,JAN '15,Homebrew,Structure Capital,N/A,$13.5M Series A,JUN '17,Mayfield Fund,Expansion Venture Capital,N/A,READ PRESS,N/A,N/A,N/A,N/A
CLEARTAX,Not Acquired,$120K Seed,JUN '14,Y Combinator,N/A,N/A,$1.3M Seed,APR '16,Max Levchin,Scott and Cyan Banister,N/A,$2M Seed,MAY '16,Sequoia Capital,Founders Fund,N/A
PEOPLE.AI,Not Acquired,$7M Series A,MAY '17,Index Ventures,Y Combinator,N/A,$30M Series B,OCT '18,Andreessen Horowitz,Y Combinator,N/A,N/A,N/A,N/A,N/A,N/A
TETTRA,Not Acquired,$914K Seed,MAY '16,Mike Volpe,David Cancel,N/A,$590K Seed,OCT '18,Mike Volpe,Joel Gascoigne,N/A,N/A,N/A,N/A,N/A,N/A
FUTURE FAMILY,Not Acquired,$10M Series A,OCT '18,Inovia Capital,BBG Ventures,N/A,N/A,N/A,N/A,N/A,N/A,N/A,N/A,N/A,N/A,N/A
CARGO,Not Acquired,$22M Series A,SEP '18,Founders Fund,Coatue Management,N/A,N/A,N/A,N/A,N/A,N/A,N/A,N/A,N/A,N/A,N/A
SNYK,Not Acquired,$3M Seed,JAN '16,N/A,N/A,N/A,$7M Series A,MAR '18,boldstart ventures,Canaan Partners,N/A,$22M Series B,SEP '18,Accel,Google Ventures,N/A
WOVE,Not Acquired,$9M Series A,SEP '18,August Capital,Origin Ventures,N/A,N/A,N/A,N/A,N/A,N/A,N/A,N/A,N/A,N/A,N/A
DATANYZE,SEP '18,$2M Seed,AUG '14,GV,Kyle York,N/A,READ PRESS,N/A,N/A,N/A,N/A,N/A,N/A,N/A,N/A,N/A
PINCH,Not Acquired,$114K Acquisition,SEP '18,N/A,N/A,N/A,$114K Acquisition,SEP '18,N/A,N/A,N/A,N/A,N/A,N/A,N/A,N/A
NEWTONX,Not Acquired,$3M Seed,SEP '18,Xfund,Third Prime Capital,N/A,N/A,N/A,N/A,N/A,N/A,N/A,N/A,N/A,N/A,N/A
MEURAL,SEP '18,$2.5M Seed,MAY '16,Corigin Ventures,Forefront Venture Partners,N/A,$5M Series A,NOV '17,Corigin Ventures,Resolute Ventures,N/A,N/A,N/A,N/A,N/A,N/A
CARMERA,Not Acquired,$6.4M Series A,JUN '17,Matrix Partners,Resolute Ventures,N/A,$20M Series B,AUG '18,Matrix Partners,GV,N/A,N/A,N/A,N/A,N/A,N/A
CANVASS ANALYTICS,Not Acquired,$213K Seed,JUN '17,N/A,N/A,N/A,$5M Seed,AUG '18,Gradient Ventures,N/A,N/A,N/A,N/A,N/A,N/A,N/A
DATASEMBLY,Not Acquired,$1.5M Seed,AUG '18,N/A,N/A,N/A,N/A,N/A,N/A,N/A,N/A,N/A,N/A,N/A,N/A,N/A
DOR,Not Acquired,$8.5M Series A,AUG '18,AME Cloud Ventures,Zetta,N/A,N/A,N/A,N/A,N/A,N/A,N/A,N/A,N/A,N/A,N/A
EDMIT,Not Acquired,$855K Seed,NOV '17,Rethink Education,15 Angels,N/A,$2.3M Seed,AUG '18,Founder Collective,Rethink Education,N/A,N/A,N/A,N/A,N/A,N/A
TEST.AI,Not Acquired,$2.5M Seed,SEP '16,Uncork Capital (formerly SoftTech VC),Zetta,N/A,$11M Series A,JUL '18,e.ventures,Uncork Capital (formerly SoftTech VC),N/A,N/A,N/A,N/A,N/A,N/A
TRUSTED,JUL '18,$1M Seed,MAR '16,CrunchFund,Naval Ravikant,N/A,N/A,N/A,N/A,N/A,N/A,N/A,N/A,N/A,N/A,N/A
LEOLABS,Not Acquired,$4M Seed,FEB '17,Horizons Ventures,N/A,N/A,$13M Series A,JUL '18,Airbus Ventures,WERU INVESTMENT,N/A,N/A,N/A,N/A,N/A,N/A
SKILLSHARE,Not Acquired,$12M Series B,MAY '16,Union Square Ventures,Spark Capital,N/A,$28M Series C,JUL '18,Union Square Ventures,Amasia,N/A,N/A,N/A,N/A,N/A,N/A
AUNT FLOW,Not Acquired,$1.5M Seed,JUL '18,Social Capital,Precursor Ventures,N/A,N/A,N/A,N/A,N/A,N/A,N/A,N/A,N/A,N/A,N/A
TVISION,Not Acquired,$2.5M Seed,DEC '15,Project 11,Sigma Prime Ventures,N/A,$6.8M Series A,OCT '16,Accomplice,Jump Capital,N/A,$11.5M Series A,JUL '18,Accomplice,Jump Capital,N/A
KAPWING,Not Acquired,$1.7M Seed,JUL '18,Kleiner Perkins,Shasta Ventures,N/A,N/A,N/A,N/A,N/A,N/A,N/A,N/A,N/A,N/A,N/A
LIME,Not Acquired,$335M Series C,JUL '18,Andreessen Horowitz,GV,N/A,N/A,N/A,N/A,N/A,N/A,N/A,N/A,N/A,N/A,N/A
HARPER WILDE,Not Acquired,$2M Seed,JUL '18,CRV,N/A,N/A,N/A,N/A,N/A,N/A,N/A,N/A,N/A,N/A,N/A,N/A
BOOKSY,Not Acquired,$13.2M Series B,JUL '18,RTAventures,Piton Capital,N/A,N/A,N/A,N/A,N/A,N/A,N/A,N/A,N/A,N/A,N/A
PARED,Not Acquired,$10M Series A,JUN '18,CRV,Uncork Capital (formerly SoftTech VC),N/A,N/A,N/A,N/A,N/A,N/A,N/A,N/A,N/A,N/A,N/A
GROVE,Not Acquired,$8M Series A,JUN '18,First Round Capital,SV Angel,N/A,N/A,N/A,N/A,N/A,N/A,N/A,N/A,N/A,N/A,N/A
ORDWAY LABS,Not Acquired,$2.5M Seed,JUN '18,Founder Collective,Lerer Hippeau,N/A,N/A,N/A,N/A,N/A,N/A,N/A,N/A,N/A,N/A,N/A
TESSIAN,Not Acquired,$13M Series A,JUN '18,Accel,Balderton Capital,N/A,N/A,N/A,N/A,N/A,N/A,N/A,N/A,N/A,N/A,N/A
OPENDOOR,Not Acquired,$10M Series A,JUL '14,Khosla Ventures,Signatures Capital,N/A,$20M Series B,FEB '15,Khosla Ventures,Sherpa Capital,N/A,$80M Series C,JAN '16,Khosla Ventures,GGV Capital,N/A
SKIP,Not Acquired,$25M Series A,JUN '18,Accel,Y Combinator,N/A,N/A,N/A,N/A,N/A,N/A,N/A,N/A,N/A,N/A,N/A
MAGENTIQ EYE,Not Acquired,$100K Seed,JUN '16,Neuron.VC,David E. Weekly,N/A,$500K Seed,JUN '18,N/A,N/A,N/A,N/A,N/A,N/A,N/A,N/A
PERCH,Not Acquired,$1.5M Seed,MAY '15,Grace Beauty Capital,Corigin Ventures,N/A,$2M Seed,MAY '18,N/A,N/A,N/A,N/A,N/A,N/A,N/A,N/A
SURKUS,Not Acquired,$3.5M Seed,JAN '16,N/A,N/A,N/A,$5.5M Series A,MAR '17,N/A,N/A,N/A,$10M Series B,MAY '18,N/A,N/A,N/A
GOOD EGGS,Not Acquired,$15M Series B,JUL '16,Index Ventures,Collaborative Fund,N/A,$50M Series C,MAY '18,Benchmark Capital,Index Ventures,N/A,N/A,N/A,N/A,N/A,N/A
FIELDBOOK,MAY '18,$2.2M Seed,APR '16,Accomplice,Pejman Mar Ventures,N/A,READ PRESS,N/A,N/A,N/A,N/A,N/A,N/A,N/A,N/A,N/A
STRATIFI,Not Acquired,$7M Series A,MAY '18,Anthemis Group,HOF Capital,N/A,N/A,N/A,N/A,N/A,N/A,N/A,N/A,N/A,N/A,N/A
LOOM.AI,Not Acquired,$1.4M Seed,JUN '16,DHVC (Danhua Capital),Presence Capital: AR & VR venture fund,N/A,$4.5M Seed,MAY '18,DHVC (Danhua Capital),Samsung Ventures,N/A,N/A,N/A,N/A,N/A,N/A
ZESTY,APR '18,$3.7M Seed,JUL '14,Y Combinator,SV Angel,N/A,$17M Series A,JUL '15,Founders Fund,Index Ventures,N/A,READ PRESS,N/A,N/A,N/A,N/A
DIRECTLY,Not Acquired,$1.8M Seed,AUG '13,CrunchFund,True Ventures,N/A,$10M Series A,MAY '15,True Ventures,Costanoa Ventures,N/A,$20M Series B,APR '18,True Ventures,Northgate Capital,N/A
MINDMATE (TECHSTARS'16),Not Acquired,$200K Round,APR '16,Potential Female Founders,Doug Scott,N/A,$550K Round,DEC '16,Techstars,MuckerLab,N/A,$2M Seed,MAR '18,LaunchCapital,Telegraph Hill Capital,N/A
SHIFT,Not Acquired,$4M Seed,MAR '18,Andreessen Horowitz,Expa,N/A,N/A,N/A,N/A,N/A,N/A,N/A,N/A,N/A,N/A,N/A
REMESH,Not Acquired,$10M Series A,MAR '18,General Catalyst,Techstars Ventures,N/A,N/A,N/A,N/A,N/A,N/A,N/A,N/A,N/A,N/A,N/A
BURROW,Not Acquired,$92K Seed,AUG '16,N/A,N/A,N/A,$4.3M Seed,DEC '17,Interplay Ventures,Justin Kan,N/A,$14M Series A,MAR '18,Y Combinator,New Enterprise Associates,N/A
LIGHTNING LABS,Not Acquired,$2.5M Seed,MAR '18,Digital Currency Group,the HiVE,N/A,N/A,N/A,N/A,N/A,N/A,N/A,N/A,N/A,N/A,N/A
FISHBRAIN,Not Acquired,$8M Round,JUL '15,Seedcamp,Northzone,N/A,$13.5M Series B,MAR '18,Northzone,SoftBank Ventures Korea,N/A,N/A,N/A,N/A,N/A,N/A
STARCITY,Not Acquired,$3.8M Seed,JAN '17,Y Combinator,New Enterprise Associates,N/A,$16.5M Series A,MAR '18,Y Combinator,Bullpen Capital,N/A,N/A,N/A,N/A,N/A,N/A
MINJAR,MAR '18,$750K Seed,MAR '16,Angels,N/A,N/A,READ PRESS,N/A,N/A,N/A,N/A,N/A,N/A,N/A,N/A,N/A
RECARGAPAY,Not Acquired,$22M Series B,FEB '18,Ventech,International Finance Corporation (IFC),N/A,N/A,N/A,N/A,N/A,N/A,N/A,N/A,N/A,N/A,N/A
TEAMPAY,Not Acquired,$4M Seed,FEB '18,Crosscut Ventures,KEC Ventures,N/A,N/A,N/A,N/A,N/A,N/A,N/A,N/A,N/A,N/A,N/A
DYNAMIC SIGNAL,Not Acquired,$36.5M Series E,FEB '18,Venrock,Trinity Ventures,N/A,N/A,N/A,N/A,N/A,N/A,N/A,N/A,N/A,N/A,N/A
SKYDIO,Not Acquired,$42M Series B,FEB '18,Andreessen Horowitz,Accel,N/A,N/A,N/A,N/A,N/A,N/A,N/A,N/A,N/A,N/A,N/A
RENOVISO,Not Acquired,$1.4M Seed,SEP '15,NextView Ventures,RRE Ventures,N/A,$3.5M Series A,SEP '16,Bessemer Venture Partners,RRE Ventures,N/A,$7M Series A,FEB '18,N/A,N/A,N/A
MIXMAX,Not Acquired,$1.5M Seed,APR '15,Floodgate,Harrison Metal,N/A,$10.4M Series A,FEB '18,Floodgate,Creandum,N/A,N/A,N/A,N/A,N/A,N/A
FURNISHARE,Not Acquired,$2M Seed,FEB '18,Lerer Hippeau Ventures,Correlation Ventures,N/A,N/A,N/A,N/A,N/A,N/A,N/A,N/A,N/A,N/A,N/A
PARKIFI,Not Acquired,$2M Seed,MAY '15,Galvanize Ventures,FG Angels,N/A,$7.5M Series A,FEB '16,Crosslink Capital,Grotech Ventures,N/A,READ PRESS,FEB '18,N/A,N/A,N/A
STRATIM,FEB '18,$30M Series B,APR '15,Bessemer Venture Partners,Norwest Venture Partners,N/A,Round,SEP '15,BMW i Ventures,N/A,N/A,READ PRESS,N/A,N/A,N/A,N/A
LAMBDA SCHOOL,Not Acquired,$4M Seed,JAN '18,S2 Capital,Soma Capital,N/A,N/A,N/A,N/A,N/A,N/A,N/A,N/A,N/A,N/A,N/A
WAG,Not Acquired,$2.5M Seed,MAY '15,Greylock Partners,Freestyle Capital,N/A,$4M Series A,SEP '16,General Catalyst,N/A,N/A,$15M Series B,MAR '17,Sherpa Capital,N/A,N/A
AKASH SYSTEMS,Not Acquired,$3.1M Seed,JAN '18,Khosla Ventures,Social Capital,N/A,N/A,N/A,N/A,N/A,N/A,N/A,N/A,N/A,N/A,N/A
HAVENLY,Not Acquired,$7.5M Series A,NOV '15,Foundry Group,FG Angels,N/A,$5.8M Series A,MAR '16,Foundry Group,Chicago Ventures,N/A,$12.5M Series B,JAN '18,Foundry Group,Chicago Ventures,N/A
AND CO FROM FIVERR,JAN '18,$2M Seed,MAR '16,Thrive Capital,BoxGroup,N/A,$2.3M Round,JAN '17,N/A,N/A,N/A,READ PRESS,N/A,N/A,N/A,N/A
CABIFY,Not Acquired,$8M Series A,APR '14,Winklevoss Capital,Seaya Ventures,N/A,$12M Series B,OCT '15,Seaya Ventures,Rakuten Ventures,N/A,$120M Series C,APR '16,Rakuten,N/A,N/A
THE PICKS & SHOVELS CO.,Not Acquired,$1M Seed,JAN '18,N/A,N/A,N/A,N/A,N/A,N/A,N/A,N/A,N/A,N/A,N/A,N/A,N/A
LEDGER,Not Acquired,$7M Series A,MAR '17,Digital Currency Group,Kima Ventures,N/A,$75M Series B,JAN '18,Draper Associates,Draper Esprit,N/A,N/A,N/A,N/A,N/A,N/A
GROVE COLLABORATIVE,Not Acquired,$3.3M Seed,FEB '15,NextView Ventures,MHS Capital,N/A,$5M Series A,JUL '16,N/A,N/A,N/A,$35M Series C,JAN '18,Norwest Venture Partners,N/A,N/A
PAINTZEN,JAN '18,$1.8M Seed,OCT '14,Lerer Hippeau,NextView Ventures,N/A,$7.2M Series A,SEP '15,Bullpen Capital,NextView Ventures,N/A,N/A,N/A,N/A,N/A,N/A
TAPSLASH (SLASH KEYBOARD),JAN '18,$1.3M Seed,DEC '15,Betaworks,Social Starts,N/A,N/A,N/A,N/A,N/A,N/A,N/A,N/A,N/A,N/A,N/A
MAY MOBILITY,Not Acquired,$3.5M Seed,AUG '17,Maven Ventures,Tandem Capital,N/A,$11.6M Series A,JAN '18,Maven Ventures,Tandem Capital,N/A,N/A,N/A,N/A,N/A,N/A
SOURCERESS,Not Acquired,$3.5M Seed,DEC '17,Y Combinator,Lightspeed Venture Partners,N/A,N/A,N/A,N/A,N/A,N/A,N/A,N/A,N/A,N/A,N/A
RIPCORD,Not Acquired,$9.5M Series A,MAR '17,Kleiner Perkins,N/A,N/A,$40M Series B,AUG '17,Icon Ventures,N/A,N/A,$25M Series B,DEC '17,GV,Kleiner Perkins,N/A
NODESOURCE,Not Acquired,$3M Seed,FEB '15,Resolute Ventures,Crosslink Capital,N/A,$10M Series A,APR '16,Crosslink Capital,Resolute Ventures,N/A,$17.5M Series B,DEC '17,RRE Ventures,Crosslink Capital,N/A
WEDPICS - ACQUIRED BY MIXBOOK,DEC '17,$7.3M Series B,FEB '15,Bullpen Capital,OCA Ventures,N/A,READ PRESS,N/A,N/A,N/A,N/A,N/A,N/A,N/A,N/A,N/A
ELEMENO HEALTH,Not Acquired,$1.3M Seed,DEC '17,Y Combinator,Launchpad Digital Health,N/A,N/A,N/A,N/A,N/A,N/A,N/A,N/A,N/A,N/A,N/A
CLORA,Not Acquired,$3.3M Seed,DEC '17,Spark Capital,Social Capital,N/A,N/A,N/A,N/A,N/A,N/A,N/A,N/A,N/A,N/A,N/A
MATTERMARK,DEC '17,$2M Seed,JUN '14,Andreessen Horowitz,Sherpa Capital,N/A,$6.5M Series A,DEC '14,Foundry Group,Sherpa Capital,N/A,$7.3M Series B,MAR '16,Foundry Group,Jon Hallett,N/A
PHONEWAGON,Not Acquired,$1.2M Seed,DEC '17,Sean Ammirati,Pat Matthews,N/A,N/A,N/A,N/A,N/A,N/A,N/A,N/A,N/A,N/A,N/A
MYVR,Not Acquired,$1.4M Seed,SEP '12,Y Combinator,SV Angel,N/A,$6.1M Series A,DEC '17,True Ventures,N/A,N/A,N/A,N/A,N/A,N/A,N/A
BLOCKSTACK,Not Acquired,$1.5M Seed,NOV '14,Union Square Ventures,SV Angel,N/A,$4M Series A,JAN '17,Union Square Ventures,Digital Currency Group,N/A,$52M Round,DEC '17,Union Square Ventures,Foundation Capital,N/A
NTOPOLOGY,Not Acquired,$1M Seed,JAN '16,N/A,N/A,N/A,$7.6M Series A,DEC '17,Data Collective,CrunchFund,N/A,N/A,N/A,N/A,N/A,N/A
AURORA LABS,Not Acquired,$2.7M Seed,DEC '17,Expansion Venture Capital,Trucks Venture Capital,N/A,N/A,N/A,N/A,N/A,N/A,N/A,N/A,N/A,N/A,N/A
HIPCAMP,Not Acquired,$2M Round,SEP '14,OATV,Slow Ventures,N/A,$9.5M Series A,NOV '17,Sarah Tavel,N/A,N/A,N/A,N/A,N/A,N/A,N/A
DYSPATCH BY SENDWITHUS,Not Acquired,$2.3M Seed,SEP '14,SV Angel,Maiden Lane,N/A,$5M Series A,NOV '17,Baseline Ventures,BlueRun Ventures,N/A,N/A,N/A,N/A,N/A,N/A
ADHAWK,Not Acquired,$2.2M Closed,NOV '15,Zelkova Ventures,eonCapital,N/A,$2.5M Seed,NOV '17,Founder Collective,N/A,N/A,N/A,N/A,N/A,N/A,N/A
SOMA WATER,NOV '17,$2.2M Round,OCT '14,Crosscut Ventures,Baseline Ventures,N/A,READ PRESS,N/A,N/A,N/A,N/A,N/A,N/A,N/A,N/A,N/A
SPIRE GLOBAL,Not Acquired,$1.2M Seed,FEB '13,N/A,N/A,N/A,$300K Round,JUL '13,Grishin Robotics,N/A,N/A,$25M Series A,JUL '14,RRE Ventures,Mitsui & Co.,N/A
CATALIA HEALTH,Not Acquired,$1M Seed,MAY '15,Khosla Ventures,N/A,N/A,$2.5M Seed,DEC '16,Khosla Ventures,DeNA,N/A,$4M Seed,NOV '17,Ion Pacific,N/A,N/A
POSHMARK,Not Acquired,$25M Series C,APR '15,Menlo Ventures,Mayfield Fund,N/A,$25M Series D,APR '16,Menlo Ventures,GGV Capital,N/A,$87.5M Series E,NOV '17,Menlo Ventures,Mayfield Fund,N/A
SWIFTYPE,NOV '17,$7.5M Series A,SEP '13,New Enterprise Associates,N/A,N/A,$13M Series B,MAR '15,New Enterprise Associates,N/A,N/A,READ PRESS,N/A,N/A,N/A,N/A
TRANSFERWISE,Not Acquired,$58M Series C,JAN '15,Andreessen Horowitz,Index Ventures,N/A,$26M Series D,MAY '16,Andreessen Horowitz,Valar Ventures,N/A,$280M Series E,NOV '17,Andreessen Horowitz,Mitsui & Co.,N/A
KANO,Not Acquired,$15M Series A,MAY '15,Index Ventures,Breyer Capital,N/A,$28M Series B,NOV '17,Index Ventures,Breyer Capital,N/A,N/A,N/A,N/A,N/A,N/A
SCHOOLMINT,OCT '17,$2.2M Seed,SEP '14,Bodley Group,Romulus Capital,N/A,$5.6M Series A,FEB '16,Fresco Capital,Kapor Capital,N/A,READ PRESS,N/A,N/A,N/A,N/A
AVAIL,Not Acquired,$651K Seed,SEP '15,N/A,N/A,N/A,$2M Seed,OCT '17,Cultivation Capital,Sandalphon Capital,N/A,N/A,N/A,N/A,N/A,N/A
ABRA,Not Acquired,$2.2M Seed,AUG '14,Scott and Cyan Banister,Patrick Kershaw,N/A,$18.8M Series A,SEP '15,First Round Capital,RRE Ventures,N/A,$17M Series B,OCT '17,Lerer Hippeau,RRE Ventures,N/A
FLUENT CITY,Not Acquired,$2.5M Seed,SEP '16,Learn Capital,New Ground Ventures,N/A,$3M Series A,OCT '17,New Ground Ventures,John Katzman,N/A,N/A,N/A,N/A,N/A,N/A
LENDINGHOME,Not Acquired,$57M Series C,OCT '17,Sberbank,Noah Holdings Limited NYSE,N/A,N/A,N/A,N/A,N/A,N/A,N/A,N/A,N/A,N/A,N/A
SELFMADE,Not Acquired,$8M Series A,OCT '17,FirstMark Capital,BoxGroup,N/A,N/A,N/A,N/A,N/A,N/A,N/A,N/A,N/A,N/A,N/A
CLOUDZERO,Not Acquired,$5M Series A,OCT '17,Matrix Partners,Underscore VC,N/A,N/A,N/A,N/A,N/A,N/A,N/A,N/A,N/A,N/A,N/A
VERVE,Not Acquired,$10M Round,OCT '16,Frontline Ventures,Universal Music Group,N/A,$18.5M Series B,OCT '17,Frontline Ventures,Draper Esprit,N/A,N/A,N/A,N/A,N/A,N/A
ROOFSTOCK,Not Acquired,$13.3M Series A,MAR '16,Khosla Ventures,SV Angel,N/A,$20M Series B,NOV '16,Khosla Ventures,Lightspeed Venture Partners,N/A,$35M Series C,OCT '17,Khosla Ventures,Lightspeed Venture Partners,N/A
ALTSPACEVR,OCT '17,$5.2M Seed,SEP '14,GV,Foundation Capital,N/A,$10.3M Series A,JUL '15,Tencent,Raine Ventures,N/A,READ PRESS,N/A,N/A,N/A,N/A
MPARTICLE,Not Acquired,$35M Series C,SEP '17,Harmony Partners,Bain Capital Ventures,N/A,N/A,N/A,N/A,N/A,N/A,N/A,N/A,N/A,N/A,N/A
8FIT,Not Acquired,$2.3M Seed,AUG '15,Vitamina K Venture Capital,Mark Evans,N/A,$7M Series A,SEP '17,Creandum,EIGHT ROADS VENTURES,N/A,N/A,N/A,N/A,N/A,N/A
LUXE,SEP '17,$5.5M Seed,OCT '14,Redpoint Ventures,GV,N/A,$20M Series A,FEB '15,Redpoint Ventures,Slow Ventures,N/A,$50M Series B,APR '16,Redpoint Ventures,Venrock,N/A
ORION,Not Acquired,$6.3M Series A,AUG '14,Avalon Ventures,Fuel Capital,N/A,$9M Series A,FEB '16,Avalon Ventures,Motorola Solutions Venture Capital,N/A,$18.3M Series B,SEP '17,Allen & Company,Fuel Capital,N/A
BETTERVIEW,Not Acquired,$1.6M Seed,FEB '16,Arena Ventures,Compound,N/A,$2.1M Seed,SEP '17,645 Ventures,Winklevoss Capital,N/A,N/A,N/A,N/A,N/A,N/A
GEM,Not Acquired,$7.6M Series A,JAN '16,Pelion Venture Partners,KEC Ventures,N/A,$8M Series A,SEP '17,N/A,N/A,N/A,N/A,N/A,N/A,N/A,N/A
SUPPLYHOG,AUG '17,$2.5M Round,JUN '13,Quotidian Ventures,500 Startups,N/A,N/A,N/A,N/A,N/A,N/A,N/A,N/A,N/A,N/A,N/A
BITPESA,Not Acquired,$1.1M Seed,FEB '15,Pantera Capital,Future\Perfect Ventures,N/A,Seed,FEB '16,N/A,N/A,N/A,$2.5M Series A,FEB '17,Draper Associates,Greycroft Partners,N/A
AUTOFI,Not Acquired,$58K Round,NOV '15,N/A,N/A,N/A,$17M Round,MAY '16,Crosslink Capital,Lerer Hippeau Ventures,N/A,$10M Series A,AUG '17,Crosslink Capital,Lerer Hippeau Ventures,N/A
BLEND,Not Acquired,$100M Series D,AUG '17,Greylock Partners,Emergence Capital,N/A,N/A,N/A,N/A,N/A,N/A,N/A,N/A,N/A,N/A,N/A
BOATBOUND,AUG '17,$1M Seed,JUN '13,Accomplice,Kima Ventures,N/A,$2.5M Seed,APR '14,OurCrowd,Brunswick,N/A,N/A,N/A,N/A,N/A,N/A
ONESIGNAL,Not Acquired,$2.3M Seed,APR '15,Rakuten Ventures,Justin Kan,N/A,$7M Series A,AUG '17,SignalFire,Rakuten Ventures,N/A,N/A,N/A,N/A,N/A,N/A
HOMELIGHT,Not Acquired,$40M Series B,AUG '17,Menlo Ventures,Citi Ventures,N/A,N/A,N/A,N/A,N/A,N/A,N/A,N/A,N/A,N/A,N/A
STREAM,Not Acquired,$1.8M Seed,AUG '15,Techstars,Social Starts,N/A,$3M Series A,AUG '17,Techstars,Galvanize Ventures,N/A,N/A,N/A,N/A,N/A,N/A
SPIDR TECH,Not Acquired,$1M Round,MAY '16,Winklevoss Capital,Noname Ventures,N/A,$2.5M Round,AUG '17,Birchmere Ventures,Noname Ventures,N/A,N/A,N/A,N/A,N/A,N/A
SAWYER,Not Acquired,$1.5M Seed,APR '16,Collaborative Fund,Notation,N/A,$6M Series A,AUG '17,Chan Zuckerberg Initiative (Czi),3311 Productions,N/A,N/A,N/A,N/A,N/A,N/A
REBAG,Not Acquired,$4M Seed,AUG '15,General Catalyst,Compound,N/A,$8M Series A,MAY '16,General Catalyst,Compound,N/A,$15.5M Series B,JUL '17,General Catalyst,Crosslink Capital,N/A
SKYSAFE,Not Acquired,$3M Seed,APR '16,Andreessen Horowitz,Founder Collective,N/A,$11.5M Series A,JUL '17,Andreessen Horowitz,N/A,N/A,N/A,N/A,N/A,N/A,N/A
MOLEKULE,Not Acquired,$3.3M Seed,MAY '16,Uncork Capital (formerly SoftTech VC),Crosslink Capital,N/A,$10.1M Series A,JUL '17,Crosslink Capital,Uncork Capital (formerly SoftTech VC),N/A,N/A,N/A,N/A,N/A,N/A
BRIGHT.MD,Not Acquired,$3.5M Round,JUL '15,Stanford-StartX Fund,Seven Peaks Ventures,N/A,N/A,N/A,N/A,N/A,N/A,N/A,N/A,N/A,N/A,N/A
POQ,Not Acquired,$4M Series A,JUL '16,Seedcamp,Venrex Investment Management,N/A,N/A,N/A,N/A,N/A,N/A,N/A,N/A,N/A,N/A,N/A
VIDCODE,Not Acquired,$1.5M Seed,JUL '17,Rethink Education,CoVenture,N/A,N/A,N/A,N/A,N/A,N/A,N/A,N/A,N/A,N/A,N/A
PANDA,Not Acquired,$850K Round,JUL '17,Social Capital,Social Starts,N/A,N/A,N/A,N/A,N/A,N/A,N/A,N/A,N/A,N/A,N/A
VECTOR SPACE,Not Acquired,$1M Seed,MAY '16,Shaun Coleman,Matt Conover,N/A,$21M Series A,JUN '17,Sequoia Capital,Shasta Ventures,N/A,N/A,N/A,N/A,N/A,N/A
SWIFT SHIFT,Not Acquired,$2.7M Seed,JUL '16,Bowery Capital,Crosslink Capital,N/A,$2M Seed,JUN '17,Crosslink Capital,Freestyle Capital,N/A,N/A,N/A,N/A,N/A,N/A
JASK,Not Acquired,$2M Seed,FEB '16,Battery Ventures,N/A,N/A,$12M Series A,JUN '17,Battery Ventures,TenEleven Ventures,N/A,N/A,N/A,N/A,N/A,N/A
RINSE,Not Acquired,$3.5M Seed,JUN '15,Arena Ventures,ff Venture Capital,N/A,$6M Series A,APR '16,Javelin Venture Partners,Arena Ventures,N/A,$14M Series B,JUN '17,Arena Ventures,Accelerator Ventures,N/A
SENSE,Not Acquired,$1.1M Seed,MAR '15,Granite Ventures,Illuminate Ventures,N/A,READ PRESS,MAR '16,N/A,N/A,N/A,N/A,N/A,N/A,N/A,N/A
REALTYSHARES,Not Acquired,$1.9M Round,APR '14,General Catalyst,Gregory Framke,N/A,$10M Series A,APR '15,Menlo Ventures,General Catalyst,N/A,$20M Round,FEB '16,Union Square Ventures,Menlo Ventures,N/A
SERVICE,Not Acquired,$540K Seed,JUN '15,Arena Ventures,N/A,N/A,$3.1M Seed,OCT '15,Founders Fund,Menlo Ventures,N/A,N/A,N/A,N/A,N/A,N/A
TALLA,Not Acquired,$4M Seed,FEB '16,Avalon Ventures,Brooklyn Bridge Ventures,N/A,$8.3M Series A,JUN '17,Avalon Ventures,PJC,N/A,N/A,N/A,N/A,N/A,N/A
NOTION,Not Acquired,$2.5M Seed,MAY '15,Draper Nexus Ventures,Galvanize Ventures,N/A,$3.2M Seed,JUN '16,Liberty Mutual,N/A,N/A,$10M Series A,JUN '17,Draper Nexus Ventures,Translink Capital,N/A
CLUTTER,Not Acquired,$2M Seed,MAY '15,Resolute Ventures,Joanne Wilson,N/A,$1.3M Seed,AUG '15,N/A,N/A,N/A,$9M Series A,OCT '15,Sequoia Capital,N/A,N/A
WAYSTOCAP,Not Acquired,$3M Seed,JUN '17,Battery Ventures,Soma Capital,N/A,N/A,N/A,N/A,N/A,N/A,N/A,N/A,N/A,N/A,N/A
CHEWSE,Not Acquired,$1.7M Seed,FEB '15,rocketship.vc,Telegraph Hill Capital,N/A,$5.9M Series A,AUG '15,Foundry Group,500 Startups,N/A,$7.4M Series B,JUN '17,Foundry Group,Galvanize Ventures,N/A
LOB,Not Acquired,$2.4M Seed,NOV '13,Indicator Ventures,Drummond Road Capital,N/A,$7M Series A,SEP '14,First Round Capital,Floodgate,N/A,$20M Series B,MAY '17,Ali Rowghani,N/A,N/A
BOOM FANTASY,Not Acquired,$2M Seed,MAY '17,Founders Fund,N/A,N/A,N/A,N/A,N/A,N/A,N/A,N/A,N/A,N/A,N/A,N/A
ARE YOU A HUMAN,MAY '17,$2M Seed,AUG '14,N/A,N/A,N/A,$4.2M Series A,JUN '15,Detroit Venture Partners,FG Angels,N/A,READ PRESS,N/A,N/A,N/A,N/A
NEIGHBORLY,Not Acquired,$5.5M Seed,SEP '15,Formation | 8,Ashton Kutcher,N/A,$25M Series A,MAY '17,Bee Partners,Stanford University,N/A,N/A,N/A,N/A,N/A,N/A
CONVERSA HEALTH,Not Acquired,$2.5M Seed,MAR '15,N/A,N/A,N/A,$8M Series A,MAY '17,EPIC Ventures,Healthgrades,N/A,N/A,N/A,N/A,N/A,N/A
TURBOAPPEAL,Not Acquired,$4M Series A,OCT '16,Guaranteed Rate,N/A,N/A,READ PRESS,MAY '17,N/A,N/A,N/A,N/A,N/A,N/A,N/A,N/A
TERRITORY FOODS,Not Acquired,$6.7M Series A,MAY '17,Lewis & Clark Ventures,New Richmond Ventures,N/A,N/A,N/A,N/A,N/A,N/A,N/A,N/A,N/A,N/A,N/A
SHELVSPACE,Not Acquired,$1.2M Seed,MAY '15,Tallwave Capital,Sam Teller,N/A,$2.9M Seed,MAY '17,Wavemaker Partners,Tallwave Capital,N/A,N/A,N/A,N/A,N/A,N/A
BARN & WILLOW,Not Acquired,$1M Seed,MAY '17,VTF Capital,Forefront Venture Partners,N/A,N/A,N/A,N/A,N/A,N/A,N/A,N/A,N/A,N/A,N/A
MAKESPACE,Not Acquired,$1.3M Seed,SEP '13,Lowercase Capital,Collaborative Fund,N/A,$8M Series A,MAY '14,Founders Fund,Upfront Ventures,N/A,$17.5M Series B,FEB '16,Founders Fund,Upfront Ventures,N/A
FORESTRY.IO,Not Acquired,$500K Seed,APR '17,N/A,N/A,N/A,N/A,N/A,N/A,N/A,N/A,N/A,N/A,N/A,N/A,N/A
FIIX,Not Acquired,$1.5M Round,APR '17,Y Combinator,N/A,N/A,N/A,N/A,N/A,N/A,N/A,N/A,N/A,N/A,N/A,N/A
CHAI,Not Acquired,$800K Seed,APR '15,N/A,N/A,N/A,$2M Seed,APR '17,N/A,N/A,N/A,N/A,N/A,N/A,N/A,N/A
SQUAD,Not Acquired,$2.1M Series A,APR '17,Blume Ventures,Emergent Ventures,N/A,N/A,N/A,N/A,N/A,N/A,N/A,N/A,N/A,N/A,N/A
COMPASS,Not Acquired,$1M Round,JUN '16,New Enterprise Associates,PROfounders Capital,N/A,READ PRESS,APR '17,N/A,N/A,N/A,N/A,N/A,N/A,N/A,N/A
TROV,Not Acquired,$6.5M Series B,FEB '15,Anthemis Group,N/A,N/A,$25.5M Series C,APR '16,Anthemis Group,Suncorp Group,N/A,$45M Series D,APR '17,Munich Re / HSB Ventures,N/A,N/A
LEDGER INVESTING,Not Acquired,$120K Seed,JAN '17,Y Combinator,N/A,N/A,$5M Seed,APR '17,Accel,500 Startups,N/A,N/A,N/A,N/A,N/A,N/A
U GROK IT - SMARTPHONE RFID,Not Acquired,$600K Seed,MAY '14,Foundry Group,FG Angels,N/A,READ PRESS,APR '17,N/A,N/A,N/A,N/A,N/A,N/A,N/A,N/A
JOYRUN,Not Acquired,$8.5M Series A,MAR '17,Floodgate,Morado Venture Partners,N/A,N/A,N/A,N/A,N/A,N/A,N/A,N/A,N/A,N/A,N/A
CASETEXT,Not Acquired,$1.8M Seed,OCT '13,Y Combinator,Red Sea Ventures,N/A,$7M Series A,JAN '15,Union Square Ventures,Formation | 8,N/A,$12M Series B,MAR '17,Union Square Ventures,SV Angel,N/A
PRODUCEPAY,Not Acquired,$1.4M Seed,JUN '15,Arena Ventures,Social Leverage,N/A,$2.5M Seed,JUN '16,Menlo Ventures,Arena Ventures,N/A,$7M Series A,MAR '17,CoVenture,N/A,N/A
WRAPIFY,Not Acquired,$1M Seed,SEP '15,Social Capital,Ludlow Ventures,N/A,$1M Seed,JAN '16,Seed Sumo,ZenStone Venture Capital,N/A,$3M Series A,MAR '17,Avery Dennison,N/A,N/A
KINSA,Not Acquired,$9.6M Series A,DEC '14,Kleiner Perkins,FirstMark Capital,N/A,$17M Series B,MAR '17,Kleiner Perkins,FirstMark Capital,N/A,N/A,N/A,N/A,N/A,N/A
COLA,Not Acquired,$1.3M Round,NOV '15,Tribeca Angels,Brad Garlinghouse,N/A,READ PRESS,MAR '17,N/A,N/A,N/A,N/A,N/A,N/A,N/A,N/A
TRUSTIFY,Not Acquired,$293K Closed,MAR '15,500 Startups,Lowercase Capital,N/A,Seed,FEB '16,Slow Ventures,Lowercase Capital,N/A,Closed,MAR '17,Slow Ventures,Forefront Venture Partners,N/A
POCKET,Not Acquired,$7M Series B,APR '15,Foundation Capital,Queensbridge Venture Partners,N/A,READ PRESS,FEB '17,N/A,N/A,N/A,N/A,N/A,N/A,N/A,N/A
COINSPECT,Not Acquired,$2.3M Seed,FEB '17,N/A,N/A,N/A,N/A,N/A,N/A,N/A,N/A,N/A,N/A,N/A,N/A,N/A
TRIPLEMINT,Not Acquired,$1.7M Round,APR '15,Winklevoss Capital,Dominion Capital,N/A,$4.5M Series A,FEB '17,B-to-v Partners,DN Capital,N/A,N/A,N/A,N/A,N/A,N/A
NEWSWHIP,Not Acquired,$1.6M Round,MAY '15,500 Startups,UK Technology by Flight Ventures,N/A,$6.4M Series A,FEB '17,Social Starts,Tribal.vc,N/A,N/A,N/A,N/A,N/A,N/A
INMOJI,Not Acquired,$1M Seed,FEB '15,David Chang,N/A,N/A,$1.5M Seed,MAY '15,David Chang,N/A,N/A,$5M Series A,MAR '16,David Chang,John Wigneswaran,N/A
FYSICAL LABS,Not Acquired,$400K Round,NOV '15,N/A,N/A,N/A,$125K Round,JUL '16,500 Startups,N/A,N/A,$800K Round,JAN '17,N/A,N/A,N/A
BOUNCE.IO (DBA THREATWAVE),Not Acquired,$4.8M Series A,FEB '14,Foundry Group,Bullet Time Ventures,N/A,N/A,JAN '17,N/A,N/A,N/A,N/A,N/A,N/A,N/A,N/A
JIOBIT,Not Acquired,$3.4M Seed,JAN '17,Math Venture Partners,Inflection Equity,N/A,N/A,N/A,N/A,N/A,N/A,N/A,N/A,N/A,N/A,N/A
LE TOTE,Not Acquired,$500K Seed,JUN '14,Andreessen Horowitz,Joanne Wilson,N/A,$8.3M Series A,FEB '15,Azure Capital Partners,Lerer Hippeau,N/A,$15M Series B,NOV '15,Lerer Hippeau,Azure Capital Partners,N/A
FIG,Not Acquired,$7.8M Series A,JAN '17,Spark Capital,Greycroft Partners,N/A,N/A,N/A,N/A,N/A,N/A,N/A,N/A,N/A,N/A,N/A
ZEOTAP,Not Acquired,$6.4M Series A,AUG '15,Iris Capital,Capnamic Ventures,N/A,$13M Series B,JAN '17,Iris Capital,Capnamic Ventures,N/A,N/A,N/A,N/A,N/A,N/A
LAUGHLY,Not Acquired,$2.3M Seed,JAN '17,New York Angels,Forefront Venture Partners,N/A,N/A,N/A,N/A,N/A,N/A,N/A,N/A,N/A,N/A,N/A
RADPAD,Not Acquired,$9M Series A,APR '15,Altpoint Capital,Goldcrest Investments,N/A,READ PRESS,JAN '17,N/A,N/A,N/A,N/A,N/A,N/A,N/A,N/A
STAFFJOY,Not Acquired,$1.2M Seed,JAN '17,Caffeinated Capital,Brainchild Holdings,N/A,N/A,N/A,N/A,N/A,N/A,N/A,N/A,N/A,N/A,N/A
FARADAY BICYCLES,Not Acquired,$1M Seed,JUL '13,Michael Birch,Biz Stone,N/A,$900K Seed,OCT '14,Tom McInerney,Barney Schauble,N/A,READ PRESS,JAN '17,N/A,N/A,N/A
HARVEST.AI,Not Acquired,$2.3M Seed,MAR '15,Trinity Ventures,Kelly Perdew,N/A,$19M Acquisition,JAN '17,N/A,N/A,N/A,N/A,N/A,N/A,N/A,N/A
BIRDI,DEC '16,$700K Seed,JUL '14,Kapor Capital,Jason Calacanis,N/A,$500K Closed,APR '15,PCH,N/A,N/A,Seed,AUG '16,A-Level Capital,Tamarisc Ventures,N/A
NUTMEG,Not Acquired,$37.5M Series C,NOV '16,Balderton Capital,Convoy,N/A,$14.6M Series D,DEC '16,Balderton Capital,Convoy,N/A,N/A,N/A,N/A,N/A,N/A
NUMERAI,Not Acquired,$1.5M Seed,APR '16,Playfair Capital,Naval Ravikant,N/A,$6M Series A,DEC '16,Union Square Ventures,First Round Capital,N/A,N/A,N/A,N/A,N/A,N/A
VESPER MEMS,Not Acquired,$15M Series A,DEC '16,Accomplice,Amazon Alexa Fund,N/A,N/A,N/A,N/A,N/A,N/A,N/A,N/A,N/A,N/A,N/A
RHUMBIX,Not Acquired,$6M Series A,NOV '15,Greylock Partners,Brick & Mortar Ventures,N/A,$6.3M Series D,DEC '16,N/A,N/A,N/A,N/A,N/A,N/A,N/A,N/A
LEADGENIUS,Not Acquired,$6M Series A,OCT '14,Kapor Capital,Fuel Capital,N/A,$10M Series B,JUL '16,Y Combinator,Lumia Capital,N/A,$4M Series B,DEC '16,Lumia Capital,Javelin Venture Partners,N/A
NAVDY,Not Acquired,$6.5M Seed,OCT '14,Kima Ventures,Rubicon Venture Capital,N/A,$20M Series A,APR '15,Eniac Ventures,Upfront Ventures,N/A,$15M Round,DEC '16,Harman International Industries,N/A,N/A
APPTOPIA,Not Acquired,$2.7M Seed,NOV '16,500 Startups,Telegraph Hill Capital,N/A,N/A,N/A,N/A,N/A,N/A,N/A,N/A,N/A,N/A,N/A
SICKWEATHER,Not Acquired,$350K Seed,SEP '14,FG Angels,N/A,N/A,$250K Seed,APR '15,Baltimore Angels,Maryland TEDCO,N/A,$150K Seed,NOV '16,500 Startups,N/A,N/A
CODESIGNAL,Not Acquired,$10M Series A,NOV '16,e.ventures,SV Angel,N/A,N/A,N/A,N/A,N/A,N/A,N/A,N/A,N/A,N/A,N/A
LITTLE BIRD,Not Acquired,$600K Seed,FEB '15,N/A,N/A,N/A,READ PRESS,NOV '16,N/A,N/A,N/A,N/A,N/A,N/A,N/A,N/A
TRANSCRIPTIC,Not Acquired,$1.2M Seed,DEC '12,Founders Fund,GV,N/A,$2.8M Seed,FEB '14,Founders Fund,GV,N/A,$120K Seed,DEC '14,Y Combinator,N/A,N/A
PRINTWITHME,Not Acquired,$800K Seed,NOV '16,New Stack Ventures,M25 Group,N/A,N/A,N/A,N/A,N/A,N/A,N/A,N/A,N/A,N/A,N/A
ONFLEET,Not Acquired,$2M Seed,APR '15,Winklevoss Capital,CrunchFund,N/A,$2.6M Seed,NOV '16,Stanford-StartX Fund,SGH CAPITAL,N/A,N/A,N/A,N/A,N/A,N/A
WISE.IO,Not Acquired,$2.5M Series A,MAR '14,Voyager Capital,Ravi Belani,N/A,N/A,NOV '16,N/A,N/A,N/A,N/A,N/A,N/A,N/A,N/A
COHERO HEALTH,Not Acquired,$2M Seed,DEC '15,StartUp Health,Swanhill Capital,N/A,$10.5M Series A,NOV '16,Three Leaf Ventures,BioAdvance,N/A,N/A,N/A,N/A,N/A,N/A
PEERWELL,Not Acquired,$2.1M Seed,NOV '16,XSeed Capital,N/A,N/A,N/A,N/A,N/A,N/A,N/A,N/A,N/A,N/A,N/A,N/A
BARRICADE,Not Acquired,$1.2M Seed,APR '15,Vectr Ventures,N/A,N/A,READ PRESS,NOV '16,N/A,N/A,N/A,N/A,N/A,N/A,N/A,N/A
REPLICATED,Not Acquired,$5M Series A,NOV '16,Amplify Partners,Webb Investment Network,N/A,N/A,N/A,N/A,N/A,N/A,N/A,N/A,N/A,N/A,N/A
MARCOPOLO LEARNING,Not Acquired,$2.4M Seed,OCT '16,Horizons Ventures,Seedcamp,N/A,N/A,N/A,N/A,N/A,N/A,N/A,N/A,N/A,N/A,N/A
EMISSARY,Not Acquired,$12M Series A,OCT '16,Canaan Partners,G20 Ventures,N/A,N/A,N/A,N/A,N/A,N/A,N/A,N/A,N/A,N/A,N/A
CONEKTA,Not Acquired,$1.8M Seed,MAY '15,500 Startups,Escala.vc,N/A,$6.6M Series A,OCT '16,Conconi Growth Partners,VARIV Capital,N/A,N/A,N/A,N/A,N/A,N/A
MPOWER FINANCING,Not Acquired,$1.1M Seed,AUG '15,Baltimore Angels,1776,N/A,$6M Series A,OCT '16,Fresco Capital,VilCap Investments,N/A,N/A,N/A,N/A,N/A,N/A
PAY BY GROUP,Not Acquired,$157K Round,FEB '14,500 Startups,SparkLabs Global Ventures,N/A,$3.4M Seed,OCT '16,SparkLabs Global Ventures,N/A,N/A,N/A,N/A,N/A,N/A,N/A
HIGHERME,Not Acquired,$1.5M Seed,OCT '16,Y Combinator,Forefront Venture Partners,N/A,N/A,N/A,N/A,N/A,N/A,N/A,N/A,N/A,N/A,N/A
WORKLIFE,Not Acquired,$355K Seed,AUG '14,N/A,N/A,N/A,READ PRESS,OCT '16,N/A,N/A,N/A,N/A,N/A,N/A,N/A,N/A
REVLO (YC S16),Not Acquired,$2M Seed,OCT '16,Foundation Capital,SV Angel,N/A,N/A,N/A,N/A,N/A,N/A,N/A,N/A,N/A,N/A,N/A
TUTE GENOMICS,Not Acquired,$1.5M Seed,JAN '14,Park City Angels,Salt Lake Life Science Angels (SLLSA),N/A,$2.3M Round,DEC '14,Eurovestech PLC,Peak Ventures,N/A,$3.9M Series A,JUN '15,Tencent,Healthbox,N/A
HAPPYCO,Not Acquired,$2.3M Series A,DEC '14,Point Nine Capital,NAVITAS CAPITAL,N/A,$7.5M Series A,OCT '16,500 Startups,N/A,N/A,N/A,N/A,N/A,N/A,N/A
CODESPARK,Not Acquired,$1.4M Seed,JUN '15,Idealab,Kapor Capital,N/A,$4.1M Seed,SEP '16,Kapor Capital,Idealab,N/A,N/A,N/A,N/A,N/A,N/A
MAUTIC,Not Acquired,$600K Seed,FEB '16,G20 Ventures,_Underscore VC,N/A,$5M Series A,SEP '16,G20 Ventures,N/A,N/A,N/A,N/A,N/A,N/A,N/A
GAMETIME,Not Acquired,$4.2M Seed,SEP '14,Accel,N/A,N/A,$13M Series A,MAY '15,Accel,Andrew Chen,N/A,$20M Series B,SEP '16,Accel,GV,N/A
MOBILIZE,Not Acquired,$800K Closed,JUN '15,Array Ventures,Eoghan McCabe,N/A,$6.5M Series A,SEP '16,Floodgate,Trinity Ventures,N/A,N/A,N/A,N/A,N/A,N/A
WEFOX,Not Acquired,$5.5M Round,JAN '16,IDInvest Partners,Seedcamp,N/A,$28M Series A,SEP '16,Horizons Ventures,Target Global,N/A,N/A,N/A,N/A,N/A,N/A
PHILZ COFFEE,Not Acquired,$15M Series A,MAY '13,Cowboy Ventures,CrunchFund,N/A,$15M Series B,FEB '15,Cowboy Ventures,Sherpa Capital,N/A,$45M Series C,SEP '16,TPG Capital,N/A,N/A
CHARIOT,Not Acquired,$3M Seed,APR '15,Uncork Capital (formerly SoftTech VC),Maven Ventures,N/A,READ PRESS,SEP '16,N/A,N/A,N/A,N/A,N/A,N/A,N/A,N/A
IDBYDNA,Not Acquired,$9M Series A,SEP '16,ARTIS VENTURES (AV),Abstract Ventures,N/A,N/A,N/A,N/A,N/A,N/A,N/A,N/A,N/A,N/A,N/A
DRAFTKINGS,Not Acquired,$300M Series D,JUL '15,Accomplice,The Raine Group,N/A,$70M Round,FEB '16,N/A,N/A,N/A,$153M Round,SEP '16,Revolution Growth,N/A,N/A
SKYKICK,Not Acquired,$3M Round,JUL '14,Tim Ferriss,Navin Thukkaram,N/A,$10M Round,JUN '15,Tim Ferriss,Navin Thukkaram,N/A,$5M Round,AUG '16,Tim Ferriss,Navin Thukkaram,N/A
REQUESTED,Not Acquired,$575K Seed,MAR '15,LAUNCH,Social Capital,N/A,READ PRESS,AUG '16,N/A,N/A,N/A,N/A,N/A,N/A,N/A,N/A
ABODO,Not Acquired,$1.3M Seed,JUL '14,American Family Ventures,Lakewest Venture Partners,N/A,$4.8M Series A,AUG '16,American Family Ventures,4490 Ventures,N/A,N/A,N/A,N/A,N/A,N/A
PRENAV,Not Acquired,$6.5M Seed,AUG '16,Crosslink Capital,Haystack,N/A,N/A,N/A,N/A,N/A,N/A,N/A,N/A,N/A,N/A,N/A
COINTENT,Not Acquired,$1.1M Seed,APR '15,Foundry Group,FG Angels Syndicate Fund II,N/A,$120K Seed,AUG '16,Y Combinator,N/A,N/A,N/A,N/A,N/A,N/A,N/A
KONTENA,Not Acquired,$2M Seed,AUG '16,Lifeline Ventures,Tekes,N/A,N/A,N/A,N/A,N/A,N/A,N/A,N/A,N/A,N/A,N/A
UVIZE,Not Acquired,$169K Seed,MAR '14,FG Angels,N/A,N/A,N/A,AUG '16,N/A,N/A,N/A,N/A,N/A,N/A,N/A,N/A
SIMBI,Not Acquired,$1.2M Round,AUG '16,Greylock Partners,Y Combinator,N/A,N/A,N/A,N/A,N/A,N/A,N/A,N/A,N/A,N/A,N/A
PROMPT.LY,Not Acquired,$1.5M Round,NOV '13,Foundry Group,Subtraction Capital,N/A,READ PRESS,AUG '16,N/A,N/A,N/A,N/A,N/A,N/A,N/A,N/A
CYBRARY,Not Acquired,$400K Seed,AUG '15,New Stack Ventures,N/A,N/A,$1.3M Seed,AUG '16,Arthur Ventures,Ron Gula,N/A,N/A,N/A,N/A,N/A,N/A
AIRHELP,Not Acquired,$221K Seed,MAR '14,Zillionize,N/A,N/A,$12M Series A,AUG '16,Khosla Ventures,Evan Williams,N/A,N/A,N/A,N/A,N/A,N/A
DAILY.CO,Not Acquired,$2.5M Seed,AUG '16,TenOneTen Ventures,Compound,N/A,N/A,N/A,N/A,N/A,N/A,N/A,N/A,N/A,N/A,N/A
APPTIMIZE,Not Acquired,$2M Seed,JAN '14,Andreessen Horowitz,GV,N/A,$4M Series A,FEB '15,Costanoa Ventures,N/A,N/A,$12.4M Series B,AUG '16,Glynn Capital Management,Western Technology Investment,N/A
DISTIL NETWORKS,Not Acquired,$1.8M Seed,JAN '13,ff Venture Capital,IDEA Fund Partners,N/A,$10M Series A,MAY '14,Foundry Group,Bullet Time Ventures,N/A,$21M Series B,JUN '15,Bessemer Venture Partners,Foundry Group,N/A
FITSPOT WELLNESS,Not Acquired,$1.7M Seed,JUL '16,Techstars,Forefront Venture Partners,N/A,N/A,N/A,N/A,N/A,N/A,N/A,N/A,N/A,N/A,N/A
DENSITY,Not Acquired,$200K Seed,OCT '14,N/A,N/A,N/A,$4M Series A,JUL '16,Upfront Ventures,Ludlow Ventures,N/A,N/A,N/A,N/A,N/A,N/A
CLOUDAPP,Not Acquired,$2M Seed,JUL '16,Ride Ventures,The Gramercy Fund,N/A,N/A,N/A,N/A,N/A,N/A,N/A,N/A,N/A,N/A,N/A
SENTIO,Not Acquired,$125K Round,JUL '16,500 Startups,N/A,N/A,N/A,N/A,N/A,N/A,N/A,N/A,N/A,N/A,N/A,N/A
MEDICAST,Not Acquired,$540K Round,NOV '13,N/A,N/A,N/A,$1.4M Seed,MAY '14,N/A,N/A,N/A,READ PRESS,JUL '16,N/A,N/A,N/A
SCOPE AR,Not Acquired,$2M Seed,JUL '16,New Stack Ventures,Susa Ventures,N/A,N/A,N/A,N/A,N/A,N/A,N/A,N/A,N/A,N/A,N/A
PAYJOY,Not Acquired,$18M Series A,JUL '16,Union Square Ventures,DNX Ventures,N/A,N/A,N/A,N/A,N/A,N/A,N/A,N/A,N/A,N/A,N/A
EARNUP,Not Acquired,$3M Seed,JUL '16,Blumberg Capital,Kapor Capital,N/A,N/A,N/A,N/A,N/A,N/A,N/A,N/A,N/A,N/A,N/A
BOON + GABLE,Not Acquired,$2.5M Seed,JUN '16,Crosscut Ventures,Crosslink Capital,N/A,N/A,N/A,N/A,N/A,N/A,N/A,N/A,N/A,N/A,N/A
PLANT PREFAB,Not Acquired,$3M Seed,JUN '16,Obvious Ventures,N/A,N/A,N/A,N/A,N/A,N/A,N/A,N/A,N/A,N/A,N/A,N/A
BOOSTABLE,Not Acquired,$2.5M Seed,APR '14,Morado Venture Partners,Omidyar Network,N/A,$3.2M Series A,OCT '14,SV Angel,Omidyar Network,N/A,READ PRESS,JUN '16,N/A,N/A,N/A
HONEYBOOK,Not Acquired,$10M Series A,SEP '14,Aleph,UpWest Labs,N/A,$22M Series B,MAR '15,Norwest Venture Partners,Aleph,N/A,$14M Series D,JUN '16,Norwest Venture Partners,Aleph,N/A
ARMORWAY,Not Acquired,$2.5M Seed,JUN '16,Aristos Ventures,N/A,N/A,N/A,N/A,N/A,N/A,N/A,N/A,N/A,N/A,N/A,N/A
SENDHUB,Not Acquired,$3M Series A,SEP '13,Bullpen Capital,Kapor Capital,N/A,$5M Series A,NOV '14,Menlo Ventures,Bullpen Capital,N/A,READ PRESS,JUN '16,N/A,N/A,N/A
TENJIN,Not Acquired,$567K Seed,JUL '14,Y Combinator,Lightbank,N/A,$2.5M Seed,JUN '16,NetEase Capital,N/A,N/A,N/A,N/A,N/A,N/A,N/A
TICKETBIS,Not Acquired,$3M Round,APR '15,ACTIVE VENTURE PARTNERS,Fabrice Grinda,N/A,$165M Acquisition,MAY '16,N/A,N/A,N/A,N/A,N/A,N/A,N/A,N/A
SPIDERBOOK,Not Acquired,$300K Seed,MAY '15,N/A,N/A,N/A,READ PRESS,MAY '16,N/A,N/A,N/A,N/A,N/A,N/A,N/A,N/A
MAPKIN,Not Acquired,$1.2M Seed,OCT '14,Accomplice,Andrew Payne,N/A,N/A,MAY '16,N/A,N/A,N/A,N/A,N/A,N/A,N/A,N/A
VERBALIZEIT,Not Acquired,$830K Seed,OCT '14,Foundry Group,Galvanize Ventures,N/A,READ PRESS,MAY '16,N/A,N/A,N/A,N/A,N/A,N/A,N/A,N/A
CARIBOU BIOSCIENCES,Not Acquired,$11M Series A,APR '15,Novartis,N/A,N/A,$30M Series B,MAY '16,Maverick Capital,F-Prime Capital Partners,N/A,N/A,N/A,N/A,N/A,N/A
MOMENT,Not Acquired,$1.5M Seed,SEP '14,Foundry Group,Maveron,N/A,$3M Series A,MAY '16,Galvanize Ventures,Founders Co-op,N/A,N/A,N/A,N/A,N/A,N/A
REGROUP THERAPY,Not Acquired,$1.8M Seed,MAY '16,New Stack Ventures,OCA Ventures,N/A,N/A,N/A,N/A,N/A,N/A,N/A,N/A,N/A,N/A,N/A
TRADESY,Not Acquired,$13M Series B,MAY '14,Kleiner Perkins,Rincon Venture Partners,N/A,$30M Series C,JAN '15,Kleiner Perkins,Rincon Venture Partners,N/A,$30M Series D,MAY '16,Kleiner Perkins,Rincon Venture Partners,N/A
OVERDOG (ACQUIRED BY ODD NETWORKS),Not Acquired,$2.4M Round,NOV '14,Accomplice,Chicago Ventures,N/A,READ PRESS,MAY '16,N/A,N/A,N/A,N/A,N/A,N/A,N/A,N/A
HAVEN,Not Acquired,$3M Seed,MAR '15,First Round Capital,Data Collective,N/A,$11M Series A,MAY '16,First Round Capital,Spark Capital,N/A,N/A,N/A,N/A,N/A,N/A
TIERION,Not Acquired,$1M Seed,APR '16,Digital Currency Group,Blockchain Capital,N/A,N/A,N/A,N/A,N/A,N/A,N/A,N/A,N/A,N/A,N/A
GOT IT,Not Acquired,$2.3M Seed,OCT '14,P. Relan YouWeb Incubator,Brad Bao,N/A,$9M Series A,APR '16,Capricorn Investment Group,N/A,N/A,N/A,N/A,N/A,N/A,N/A
CHAMELEON,Not Acquired,$1.9M Seed,APR '16,True Ventures,Vast Ventures,N/A,N/A,N/A,N/A,N/A,N/A,N/A,N/A,N/A,N/A,N/A
KUESKI,Not Acquired,$35M Series A,APR '16,CrunchFund,Richmond Global Ventures,N/A,N/A,N/A,N/A,N/A,N/A,N/A,N/A,N/A,N/A,N/A
WOOTRIC,Not Acquired,$2.6M Seed,APR '16,Cloud Apps Capital Partners,CSC Upshot,N/A,N/A,N/A,N/A,N/A,N/A,N/A,N/A,N/A,N/A,N/A
PATHFUL,Not Acquired,$400K Seed,JUN '14,Drummond Road Capital,FG Angels,N/A,READ PRESS,APR '16,N/A,N/A,N/A,N/A,N/A,N/A,N/A,N/A
LUCID,Not Acquired,$2.1M Series A,APR '16,S2 Capital,TEEC Angel Fund,N/A,N/A,N/A,N/A,N/A,N/A,N/A,N/A,N/A,N/A,N/A
CHANGECOIN,Not Acquired,$750K Round,MAY '14,Blockchain Capital,N/A,N/A,$3.5M Seed,DEC '14,Pantera Capital,500 Startups,N/A,READ PRESS,APR '16,N/A,N/A,N/A
GENOME COMPILER,Not Acquired,$5.8M Series A,JUN '15,N/A,N/A,N/A,READ PRESS,APR '16,N/A,N/A,N/A,N/A,N/A,N/A,N/A,N/A
VIROOL,Not Acquired,$12M Series A,APR '16,Menlo Ventures,Flint Capital,N/A,N/A,N/A,N/A,N/A,N/A,N/A,N/A,N/A,N/A,N/A
JOBBLE,Not Acquired,$1.2M Seed,APR '16,E-Merge,Chase Garbarino,N/A,N/A,N/A,N/A,N/A,N/A,N/A,N/A,N/A,N/A,N/A
THE SPOT,Not Acquired,$3M Seed,SEP '14,Canyon Creek Capital,Maiden Lane,N/A,READ PRESS,APR '16,N/A,N/A,N/A,N/A,N/A,N/A,N/A,N/A
GRAVITY GROUP (PREVIOUSLY DIL MIL),Not Acquired,$1M Round,MAY '15,500 Startups,Nelstone Ventures,N/A,$2.7M Seed,APR '16,Transmedia Capital,Nelstone Ventures,N/A,N/A,N/A,N/A,N/A,N/A
BLISPAY,Not Acquired,$12.8M Seed,MAR '16,FirstMark Capital,Accomplice,N/A,N/A,N/A,N/A,N/A,N/A,N/A,N/A,N/A,N/A,N/A
JUNE,Not Acquired,$22.5M Series A,MAR '16,First Round Capital,Foundry Group,N/A,N/A,N/A,N/A,N/A,N/A,N/A,N/A,N/A,N/A,N/A
ZEEL,Not Acquired,$10M Series A,MAR '16,Slow Ventures,NAV,N/A,N/A,N/A,N/A,N/A,N/A,N/A,N/A,N/A,N/A,N/A
CRUISE AUTOMATION,Not Acquired,$12.5M Series A,SEP '15,Spark Capital,Sam Altman,N/A,$2M Round,NOV '15,N/A,N/A,N/A,$1B Acquisition,MAR '16,N/A,N/A,N/A
LOVERLY,Not Acquired,$3M Series A,NOV '14,Female Founders Fund,SoftBank Capital,N/A,$2M Series B,MAR '16,Transmedia Capital,645 Ventures,N/A,N/A,N/A,N/A,N/A,N/A
THRIVEHIVE,Not Acquired,$2.5M Seed,AUG '15,Joe Caruso,Art Papas,N/A,$11.8M Acquisition,MAR '16,N/A,N/A,N/A,N/A,N/A,N/A,N/A,N/A
ZEPHYRUS BIOSCIENCES,Not Acquired,$1.5M Seed,SEP '14,Life Science Angels,Mission Bay Capital,N/A,READ PRESS,MAR '16,N/A,N/A,N/A,N/A,N/A,N/A,N/A,N/A
PARTENDER,Not Acquired,$50K Seed,SEP '13,500 Startups,Christine Tsai,N/A,Round,MAR '16,500 Startups,Arielle Zuckerberg,N/A,N/A,N/A,N/A,N/A,N/A
SHOPPIMON,Not Acquired,$2.3M Seed,MAR '16,AOL,2B Angels,N/A,N/A,N/A,N/A,N/A,N/A,N/A,N/A,N/A,N/A,N/A
CHARTIQ,Not Acquired,$850K Round,MAY '15,Social Leverage,ValueStream Ventures,N/A,$4M Series A,MAR '16,Tribeca Angels,ValueStream Ventures,N/A,N/A,N/A,N/A,N/A,N/A
FRAMED DATA,Not Acquired,$2M Round,DEC '14,GV,Innovation Works,N/A,READ PRESS,MAR '16,N/A,N/A,N/A,N/A,N/A,N/A,N/A,N/A
SYNATA,Not Acquired,$178K Seed,MAR '14,Queensbridge Venture Partners,N/A,N/A,$620K Seed,SEP '14,Carthona Capital,Cthulhu Ventures,N/A,READ PRESS,MAR '16,N/A,N/A,N/A
FREDERICK,Not Acquired,$120K Seed,AUG '14,N/A,N/A,N/A,READ PRESS,MAR '16,N/A,N/A,N/A,N/A,N/A,N/A,N/A,N/A
EXO,Not Acquired,$1.2M Seed,SEP '14,Collaborative Fund,Wakestream Ventures,N/A,$4M Series A,MAR '16,Collaborative Fund,AccelFoods,N/A,$4M Series A,MAR '16,Wakestream Ventures,Tim Ferriss,N/A
YOURMECHANIC,Not Acquired,$2.2M Seed,DEC '13,Greylock Partners,DFJ,N/A,Series A,JAN '15,N/A,N/A,N/A,$24M Series B,MAR '16,Andreessen Horowitz,SoftBank Capital,N/A
VIDEOGRAM,Not Acquired,$3.9M Series A,FEB '15,500 Startups,Media Camp,N/A,$600K Round,MAR '16,500 Startups,Samsung Ventures,N/A,N/A,N/A,N/A,N/A,N/A
OVERNIGHT,Not Acquired,$2.5M Seed,FEB '16,Accomplice,Crosscut Ventures,N/A,N/A,N/A,N/A,N/A,N/A,N/A,N/A,N/A,N/A,N/A
EVELO ELECTRIC BICYCLES,Not Acquired,$750K Seed,FEB '16,SeedInvest,Forefront Venture Partners,N/A,N/A,N/A,N/A,N/A,N/A,N/A,N/A,N/A,N/A,N/A
EDYN,Not Acquired,$850K Seed,JAN '14,N/A,N/A,N/A,Seed,NOV '15,Fenox Venture Capital,Queensbridge Venture Partners,N/A,$2M Seed,FEB '16,Fenox Venture Capital,Sinovation Ventures,N/A
ELEMENTAL MACHINES,Not Acquired,$2.5M Seed,FEB '16,Founders Fund,Rock Health,N/A,N/A,N/A,N/A,N/A,N/A,N/A,N/A,N/A,N/A,N/A
CRONOFY,Not Acquired,$1.6M Round,JAN '16,Firestartr,HENQ Invest,N/A,N/A,N/A,N/A,N/A,N/A,N/A,N/A,N/A,N/A,N/A
VISUALLY,Not Acquired,$2M Round,MAR '13,Uncork Capital (formerly SoftTech VC),500 Startups,N/A,$8.1M Series A,JAN '14,Crosslink Capital,Correlation Ventures,N/A,$3.3M Round,MAR '15,Uncork Capital (formerly SoftTech VC),Correlation Ventures,N/A
VESTORLY,Not Acquired,$4.1M Series A,JAN '16,Sigma Prime Ventures,N/A,N/A,N/A,N/A,N/A,N/A,N/A,N/A,N/A,N/A,N/A,N/A
WEVORCE,Not Acquired,$1.7M Seed,JUL '14,N/A,N/A,N/A,$3M Series A,JAN '16,N/A,N/A,N/A,N/A,N/A,N/A,N/A,N/A
SPIRE HEALTH,Not Acquired,$1.5M Round,JUN '14,Rock Health,Stanford-StartX Fund,N/A,$7M Round,JAN '16,N/A,N/A,N/A,N/A,N/A,N/A,N/A,N/A
SCALEARC,Not Acquired,$20M Series C,JAN '16,Accel,Bain Capital Ventures,N/A,N/A,N/A,N/A,N/A,N/A,N/A,N/A,N/A,N/A,N/A
ESTIMOTE,Not Acquired,$3.1M Round,DEC '13,Bessemer Venture Partners,Innovation Endeavors,N/A,$10.7M Series A,JAN '16,Javelin Venture Partners,Homebrew,N/A,N/A,N/A,N/A,N/A,N/A
GOOD&CO,JAN '16,$1.3M Seed,NOV '13,Playfair Capital,Talent Equity Ventures (TEqV),N/A,N/A,N/A,N/A,N/A,N/A,N/A,N/A,N/A,N/A,N/A
MOLTIN,Not Acquired,$2M Seed,JAN '16,Y Combinator,Frontline Ventures,N/A,N/A,N/A,N/A,N/A,N/A,N/A,N/A,N/A,N/A,N/A
MD INSIDER,Not Acquired,$1.5M Seed,NOV '14,Tim Ferriss,Jay Calvert,N/A,$9.5M Series A,APR '15,Jason Ader,Tim Ferriss,N/A,$12M Series B,DEC '15,Summation Health V,Jason Ader,N/A
HOLOGRAM,Not Acquired,$1.1M Round,NOV '14,NextView Ventures,Mucker Capital,N/A,$3.3M Seed,DEC '15,Drive Capital,N/A,N/A,N/A,N/A,N/A,N/A,N/A
LILY,Not Acquired,$15M Series A,DEC '15,Spark Capital,SV Angel,N/A,N/A,N/A,N/A,N/A,N/A,N/A,N/A,N/A,N/A,N/A
RESPONDLY,Not Acquired,$1.8M Seed,AUG '14,Galvanize Ventures,Webb Investment Network,N/A,READ PRESS,DEC '15,N/A,N/A,N/A,N/A,N/A,N/A,N/A,N/A
SKETCHDECK,Not Acquired,$500K Seed,FEB '15,Y Combinator,Switch VC,N/A,$1.7M Seed,DEC '15,Matrix Partners,Norwest Venture Partners,N/A,N/A,N/A,N/A,N/A,N/A
ORANGE CHEF,Not Acquired,$3M Seed,FEB '14,GV,SparkLabs Global Ventures,N/A,READ PRESS,DEC '15,N/A,N/A,N/A,N/A,N/A,N/A,N/A,N/A
GROUNDFLOOR,Not Acquired,$5M Series A,DEC '15,Fintech Ventures Group,N/A,N/A,N/A,N/A,N/A,N/A,N/A,N/A,N/A,N/A,N/A,N/A
CIRCA,Not Acquired,$1.1M Round,AUG '13,Fenox Venture Capital,Undercurrent,N/A,$1.2M Seed,FEB '14,Quotidian Ventures,Indicator Ventures,N/A,$800K Acquisition,DEC '15,N/A,N/A,N/A
UMAKE,Not Acquired,$700K Seed,SEP '15,N/A,N/A,N/A,$4.5M Series A,DEC '15,BlueRun Ventures,UpWest Labs,N/A,N/A,N/A,N/A,N/A,N/A
ONTHEGO PLATFORMS,Not Acquired,$700K Seed,JAN '14,FG Angels,Social Leverage,N/A,READ PRESS,DEC '15,N/A,N/A,N/A,N/A,N/A,N/A,N/A,N/A
REVOLAR,Not Acquired,$3M Seed,DEC '15,Foundry Group,N/A,N/A,N/A,N/A,N/A,N/A,N/A,N/A,N/A,N/A,N/A,N/A
EDIFY,Not Acquired,$550K Seed,DEC '15,FG Angels,N/A,N/A,N/A,N/A,N/A,N/A,N/A,N/A,N/A,N/A,N/A,N/A
CARD.COM,Not Acquired,$9M Series B,NOV '15,Fenway Summer,Columbia Pacific Advisors,N/A,N/A,N/A,N/A,N/A,N/A,N/A,N/A,N/A,N/A,N/A
CLEANIFY,Not Acquired,$1.8M Seed,NOV '15,500 Startups,Kapor Capital,N/A,N/A,N/A,N/A,N/A,N/A,N/A,N/A,N/A,N/A,N/A
MERCHANT ATLAS,NOV '15,$3M Series A,MAR '14,Walden Venture Capital,Scott and Cyan Banister,N/A,N/A,N/A,N/A,N/A,N/A,N/A,N/A,N/A,N/A,N/A
WEAVE,Not Acquired,$15.5M Series B,NOV '15,Y Combinator,Crosslink Capital,N/A,N/A,N/A,N/A,N/A,N/A,N/A,N/A,N/A,N/A,N/A
CLIENTSUCCESS,Not Acquired,$1M Seed,DEC '14,Techstars,Plus550,N/A,$2.3M Seed,OCT '15,Techstars,Seven Peaks Ventures,N/A,N/A,N/A,N/A,N/A,N/A
LOCALIZE,Not Acquired,$1.2M Seed,OCT '15,FG Angels,Kima Ventures,N/A,N/A,N/A,N/A,N/A,N/A,N/A,N/A,N/A,N/A,N/A
ARTLIFTING,Not Acquired,$1.1M Round,OCT '15,Tumml,Joanne Wilson,N/A,N/A,N/A,N/A,N/A,N/A,N/A,N/A,N/A,N/A,N/A
KINNEK,Not Acquired,$10M Series A,SEP '14,Matrix Partners,CrunchFund,N/A,$20M Series B,OCT '15,Matrix Partners,Thrive Capital,N/A,N/A,N/A,N/A,N/A,N/A
FABFITFUN,Not Acquired,$3.5M Seed,OCT '15,New Enterprise Associates,Upfront Ventures,N/A,N/A,N/A,N/A,N/A,N/A,N/A,N/A,N/A,N/A,N/A
ZYCADA NETWORKS,Not Acquired,$166K Seed,OCT '15,N/A,N/A,N/A,N/A,N/A,N/A,N/A,N/A,N/A,N/A,N/A,N/A,N/A
LEADIQ,Not Acquired,$268K Seed,OCT '15,N/A,N/A,N/A,N/A,N/A,N/A,N/A,N/A,N/A,N/A,N/A,N/A,N/A
HAPPN APP,Not Acquired,$14M Series B,OCT '15,IDInvest Partners,DN Capital,N/A,N/A,N/A,N/A,N/A,N/A,N/A,N/A,N/A,N/A,N/A
AMBRONITE,Not Acquired,$600K Seed,SEP '15,Lifeline Ventures,Moaffak Ahmed,N/A,N/A,N/A,N/A,N/A,N/A,N/A,N/A,N/A,N/A,N/A
DIN,Not Acquired,$3M Round,SEP '15,Accel,Collaborative Fund,N/A,N/A,N/A,N/A,N/A,N/A,N/A,N/A,N/A,N/A,N/A
PINGPAD,Not Acquired,$1M Round,SEP '15,Greylock Partners,Floodgate,N/A,N/A,N/A,N/A,N/A,N/A,N/A,N/A,N/A,N/A,N/A
UNIQUESOUND (TECHSTARS NYC 15),Not Acquired,$1M Seed,SEP '15,FG Angels,Felix Capital,N/A,N/A,N/A,N/A,N/A,N/A,N/A,N/A,N/A,N/A,N/A
VANGO,Not Acquired,$2.2M Seed,SEP '15,Social Starts,500 Startups,N/A,N/A,N/A,N/A,N/A,N/A,N/A,N/A,N/A,N/A,N/A
SHOTS STUDIOS,Not Acquired,$8.5M Series A,MAY '15,WI Harper Group,Upfront Ventures,N/A,$4M Round,SEP '15,DCM,N/A,N/A,N/A,N/A,N/A,N/A,N/A
HEARTTHIS,Not Acquired,$2M Seed,NOV '13,Tekton Ventures,500 Startups,N/A,READ PRESS,SEP '15,N/A,N/A,N/A,N/A,N/A,N/A,N/A,N/A
INSTAMOTOR,Not Acquired,$500K Seed,JUN '14,Maveron,CrunchFund,N/A,$1M Seed,MAY '15,Maveron,Palm Drive Capital,N/A,$4M Seed,SEP '15,Maveron,Palm Drive Capital,N/A
VOIQ,Not Acquired,$2M Seed,SEP '15,N/A,N/A,N/A,N/A,N/A,N/A,N/A,N/A,N/A,N/A,N/A,N/A,N/A
OWNLOCAL,Not Acquired,$1.5M Seed,AUG '15,500 Startups,Forefront Venture Partners,N/A,N/A,N/A,N/A,N/A,N/A,N/A,N/A,N/A,N/A,N/A
KLAVIYO,Not Acquired,$1.5M Round,AUG '15,Accomplice,David Cancel,N/A,N/A,N/A,N/A,N/A,N/A,N/A,N/A,N/A,N/A,N/A
CAUSEMO,Not Acquired,$4M Series A,AUG '15,N/A,N/A,N/A,N/A,N/A,N/A,N/A,N/A,N/A,N/A,N/A,N/A,N/A
PANA,Not Acquired,$1.4M Seed,AUG '15,Techstars,500 Startups,N/A,N/A,N/A,N/A,N/A,N/A,N/A,N/A,N/A,N/A,N/A
ZIRTUAL,AUG '15,$5M Round,AUG '15,Mayfield Fund,VTF Capital,N/A,N/A,N/A,N/A,N/A,N/A,N/A,N/A,N/A,N/A,N/A
KINDARA,Not Acquired,$5.3M Round,AUG '15,Boston Seed Capital,MVI (Mena Venture Investments),N/A,N/A,N/A,N/A,N/A,N/A,N/A,N/A,N/A,N/A,N/A
FAM,Not Acquired,$1.7M Round,AUG '15,Flybridge Capital Partners,Boston Seed Capital,N/A,N/A,N/A,N/A,N/A,N/A,N/A,N/A,N/A,N/A,N/A
VISITDAYS,Not Acquired,$575K Seed,AUG '15,AngelList Enterprise Fund I,Maiden Lane,N/A,N/A,N/A,N/A,N/A,N/A,N/A,N/A,N/A,N/A,N/A
UPCOUNSEL,Not Acquired,$2.4M Seed,DEC '14,Compound,Crosslink Capital,N/A,$10M Series A,JUL '15,Menlo Ventures,Homebrew,N/A,N/A,N/A,N/A,N/A,N/A
ECOVENT SYSTEMS,Not Acquired,$2.2M Seed,OCT '14,Accomplice,Otter Consulting,N/A,$6.9M Series A,JUL '15,Tamarisc Ventures,Emerson Climate Technologies,N/A,N/A,N/A,N/A,N/A,N/A
UXPIN,Not Acquired,$1.6M Round,FEB '14,Andreessen Horowitz,Freestyle Capital,N/A,$5M Series A,JUL '15,True Ventures,N/A,N/A,$5M Series A,JUL '15,True Ventures,Flight.VC Syndicate,N/A
POPULAR PAYS,Not Acquired,$2M Seed,JUL '15,Bessemer Venture Partners,Social Starts,N/A,N/A,N/A,N/A,N/A,N/A,N/A,N/A,N/A,N/A,N/A
BEACON,Not Acquired,$1M Series A,JUN '15,Romulus Capital,Western Technology Investment,N/A,$7.5M Round,JUL '15,Romulus Capital,MI Ventures,N/A,N/A,N/A,N/A,N/A,N/A
VERBLING,Not Acquired,$2.7M Seed,JUL '15,Bullpen Capital,Hydrazine Capital,N/A,N/A,N/A,N/A,N/A,N/A,N/A,N/A,N/A,N/A,N/A
IMMEDIATELY,Not Acquired,$2M Seed,MAY '15,Queensbridge Venture Partners,Galvanize Ventures,N/A,N/A,JUL '15,N/A,N/A,N/A,N/A,N/A,N/A,N/A,N/A
LIKEABLE LOCAL,Not Acquired,$550K Seed,DEC '14,500 Startups,Likeable Media,N/A,$500K Round,JUL '15,Lighter Capital,N/A,N/A,N/A,N/A,N/A,N/A,N/A
TABLELIST,Not Acquired,$2M Seed,JUL '14,Accomplice,Wayne Chang,N/A,$2.5M Series A,JUL '15,Accomplice,Wayne Chang,N/A,N/A,N/A,N/A,N/A,N/A
ALLCLASSES,Not Acquired,$1.5M Seed,APR '14,Floodgate,Great Oaks Venture Capital,N/A,N/A,JUL '15,N/A,N/A,N/A,N/A,N/A,N/A,N/A,N/A
ONE MONTH,Not Acquired,$1.9M Seed,JUN '15,Arena Ventures,Sinovation Ventures,N/A,N/A,N/A,N/A,N/A,N/A,N/A,N/A,N/A,N/A,N/A
ENEVO,Not Acquired,$8M Series A,AUG '14,Lifeline Ventures,Draper Associates,N/A,$15.8M Series B,JUN '15,Lifeline Ventures,Draper Associates,N/A,N/A,N/A,N/A,N/A,N/A
TOPFAN,Not Acquired,$2M Seed,JUN '15,N/A,N/A,N/A,N/A,N/A,N/A,N/A,N/A,N/A,N/A,N/A,N/A,N/A
BENTO,Not Acquired,$1.5M Round,JUN '15,Slow Ventures,500 Startups,N/A,N/A,N/A,N/A,N/A,N/A,N/A,N/A,N/A,N/A,N/A
DESCOMPLICA,Not Acquired,$5M Series B,FEB '14,Social Capital,Valar Ventures,N/A,$7M Series C,JUN '15,Valar Ventures,Social Capital,N/A,N/A,N/A,N/A,N/A,N/A
LOOKLIST,Not Acquired,$174K Round,JUN '15,FG Angels,N/A,N/A,N/A,N/A,N/A,N/A,N/A,N/A,N/A,N/A,N/A,N/A
CUSEUM (TECHSTARS '15),Not Acquired,$1.3M Seed,FEB '15,FG Angels,Drummond Road Capital,N/A,$118K Seed,JUN '15,N/A,N/A,N/A,N/A,N/A,N/A,N/A,N/A
ONE DROP,Not Acquired,$8M Series A,JUN '15,RRE Ventures,LAUNCH,N/A,N/A,N/A,N/A,N/A,N/A,N/A,N/A,N/A,N/A,N/A
CIRROSECURE,Not Acquired,$1.7M Seed,MAY '14,Innovation Endeavors,XSeed Capital,N/A,READ PRESS,MAY '15,N/A,N/A,N/A,N/A,N/A,N/A,N/A,N/A
MATTERFAB,Not Acquired,$5.8M Series A,MAY '15,Lemnos Labs,Kima Ventures,N/A,N/A,N/A,N/A,N/A,N/A,N/A,N/A,N/A,N/A,N/A
AIRDOG,Not Acquired,$2.5M Seed,MAY '15,Seraph Group,Base Ventures,N/A,N/A,N/A,N/A,N/A,N/A,N/A,N/A,N/A,N/A,N/A
FIT GURUS LTD (GYM PLAN),Not Acquired,$200K Round,MAY '15,Potential UK,Northstar Ventures,N/A,N/A,N/A,N/A,N/A,N/A,N/A,N/A,N/A,N/A,N/A
BETTERCOMPANY,Not Acquired,$6M Series A,MAY '15,BlueRun Ventures,N/A,N/A,N/A,N/A,N/A,N/A,N/A,N/A,N/A,N/A,N/A,N/A
DEALFLICKS,Not Acquired,$2.9M Seed,MAY '15,500 Startups,Be Great Partners,N/A,N/A,N/A,N/A,N/A,N/A,N/A,N/A,N/A,N/A,N/A
CLOUDTAGS,Not Acquired,$1.2M Round,SEP '14,N/A,N/A,N/A,$2M Series A,MAY '15,IDEA Fund Partners,Knoll Ventures,N/A,N/A,N/A,N/A,N/A,N/A
VIDEOPIXIE,Not Acquired,$1.1M Round,MAY '15,500 Startups,N/A,N/A,N/A,N/A,N/A,N/A,N/A,N/A,N/A,N/A,N/A,N/A
VOUCH FINANCIAL,Not Acquired,$200K Round,JUL '14,Flight.VC Syndicate,N/A,N/A,$1.1M Round,AUG '14,Flight.VC Syndicate,N/A,N/A,$1.8M Seed,JAN '15,Greylock Partners,First Round Capital,N/A
TRUSTED INSIGHT,Not Acquired,$5M Series A,MAY '15,BootstrapLabs,N/A,N/A,N/A,N/A,N/A,N/A,N/A,N/A,N/A,N/A,N/A,N/A
SMARKING,Not Acquired,$3M Seed,MAY '15,Khosla Ventures,Slow Ventures,N/A,N/A,N/A,N/A,N/A,N/A,N/A,N/A,N/A,N/A,N/A
INDINERO,Not Acquired,$7M Series B,FEB '15,Camp One Ventures,Coyote Ridge Ventures,N/A,Round,MAY '15,SaaS Capital,N/A,N/A,N/A,N/A,N/A,N/A,N/A
HUCKLE,Not Acquired,$850K Seed,MAY '15,Social Capital,LAUNCH,N/A,N/A,N/A,N/A,N/A,N/A,N/A,N/A,N/A,N/A,N/A
PLATEJOY,Not Acquired,$1.7M Seed,APR '15,Sherpa Capital,Foundation Capital,N/A,N/A,N/A,N/A,N/A,N/A,N/A,N/A,N/A,N/A,N/A
SHINESTY,Not Acquired,$230K Round,APR '15,FG Angels,N/A,N/A,N/A,N/A,N/A,N/A,N/A,N/A,N/A,N/A,N/A,N/A
JUKELY,Not Acquired,$2.4M Seed,OCT '14,Northzone,TechStars Ventures 2014,N/A,$8M Seed,APR '15,Northzone,Alejandro Zubillaga,N/A,N/A,N/A,N/A,N/A,N/A
SIGNPOST,Not Acquired,$20.5M Series C,APR '15,Spark Capital,OpenView Venture Partners,N/A,N/A,N/A,N/A,N/A,N/A,N/A,N/A,N/A,N/A,N/A
FITMOB,Not Acquired,$5M Round,JAN '15,Mayfield Fund,Hinge Capital,N/A,READ PRESS,APR '15,N/A,N/A,N/A,N/A,N/A,N/A,N/A,N/A
SNOWSHOE STAMP,Not Acquired,$2.3M Seed,OCT '14,N/A,N/A,N/A,$1M Round,APR '15,Lowercase Capital,Collaborative Fund,N/A,N/A,N/A,N/A,N/A,N/A
SHYP,Not Acquired,$2.1M Seed,SEP '13,Sherpa Capital,Fresh,N/A,$10M Series A,JUL '14,Sherpa Capital,Homebrew,N/A,$50M Series B,APR '15,Kleiner Perkins,Homebrew,N/A
PODO LABS,Not Acquired,$1.1M Seed,APR '15,Seedcamp,Bon Angels,N/A,$427K Seed,APR '15,Kickstarter,N/A,N/A,N/A,N/A,N/A,N/A,N/A
HAYSTAGG,Not Acquired,$600K Seed,APR '15,Forefront Venture Partners,Kima Ventures,N/A,N/A,N/A,N/A,N/A,N/A,N/A,N/A,N/A,N/A,N/A
BEDROCK DATA,Not Acquired,$3.1M Seed,APR '15,Brian Shin,N/A,N/A,N/A,N/A,N/A,N/A,N/A,N/A,N/A,N/A,N/A,N/A
STREAMLABS,Not Acquired,$16M Series A,APR '15,Sequoia Capital,Matrix Partners,N/A,N/A,N/A,N/A,N/A,N/A,N/A,N/A,N/A,N/A,N/A
ESTIMIZE,Not Acquired,$1.2M Series A,MAR '14,ValueStream Ventures,Contour Venture Partners,N/A,$6M Series B,APR '15,Contour Venture Partners,Steven Lau,N/A,N/A,N/A,N/A,N/A,N/A
EDUCENTS,Not Acquired,$2.9M Seed,APR '15,Uncork Capital (formerly SoftTech VC),Crosslink Capital,N/A,N/A,N/A,N/A,N/A,N/A,N/A,N/A,N/A,N/A,N/A
FACTION COLLECTIVE,Not Acquired,$4.5M Series A,APR '15,Octopus Ventures,Go Beyond Investing,N/A,N/A,N/A,N/A,N/A,N/A,N/A,N/A,N/A,N/A,N/A
CTRL+CONSOLE,Not Acquired,$261K Round,MAR '15,FG Angels,N/A,N/A,N/A,N/A,N/A,N/A,N/A,N/A,N/A,N/A,N/A,N/A
RETARGETER,Not Acquired,$1.5M Seed,SEP '13,Kevin Henrikson,Fabrice Grinda,N/A,READ PRESS,MAR '15,N/A,N/A,N/A,N/A,N/A,N/A,N/A,N/A
DEEP FOREST MEDIA,Not Acquired,$185K Seed,MAY '14,N/A,N/A,N/A,N/A,MAR '15,N/A,N/A,N/A,N/A,N/A,N/A,N/A,N/A
VIIRT,Not Acquired,$900K Seed,MAR '15,Dundee Venture Capital,N/A,N/A,N/A,N/A,N/A,N/A,N/A,N/A,N/A,N/A,N/A,N/A
HER,Not Acquired,$2.2M Seed,MAR '15,Alexis Ohanian,Garry Tan,N/A,N/A,N/A,N/A,N/A,N/A,N/A,N/A,N/A,N/A,N/A
LEAP TRANSIT,Not Acquired,$2.5M Round,MAR '15,Andreessen Horowitz,Index Ventures,N/A,N/A,N/A,N/A,N/A,N/A,N/A,N/A,N/A,N/A,N/A
COOLCHIP TECHNOLOGIES,Not Acquired,$3.3M Series A,MAR '15,N/A,N/A,N/A,N/A,N/A,N/A,N/A,N/A,N/A,N/A,N/A,N/A,N/A
ASSETA,Not Acquired,$535K Seed,FEB '14,Beenos Partners,Matt Huang,N/A,$1M Seed,MAR '15,Red Swan,FundersClub,N/A,N/A,N/A,N/A,N/A,N/A
CLASSKICK,Not Acquired,$1.6M Seed,MAR '15,Kapor Capital,Lightbank,N/A,N/A,N/A,N/A,N/A,N/A,N/A,N/A,N/A,N/A,N/A
CLEARBIT,Not Acquired,$2M Round,MAR '15,First Round Capital,SV Angel,N/A,N/A,N/A,N/A,N/A,N/A,N/A,N/A,N/A,N/A,N/A
RESCOUR,Not Acquired,$1.3M Seed,MAR '15,TechSquare,Jason Calacanis,N/A,N/A,N/A,N/A,N/A,N/A,N/A,N/A,N/A,N/A,N/A
BOOKITY,Not Acquired,$1.9M Round,FEB '15,N/A,N/A,N/A,N/A,N/A,N/A,N/A,N/A,N/A,N/A,N/A,N/A,N/A
GETABLE,Not Acquired,$1.8M Seed,FEB '13,Andreessen Horowitz,Promus Ventures,N/A,$5M Series A,FEB '15,Brick & Mortar Ventures,Social Capital,N/A,N/A,N/A,N/A,N/A,N/A
AUTHY,Not Acquired,$2.3M Seed,SEP '14,CrunchFund,Winklevoss Capital,N/A,READ PRESS,FEB '15,N/A,N/A,N/A,N/A,N/A,N/A,N/A,N/A
GRABBLE,Not Acquired,$1.8M Round,FEB '15,N/A,N/A,N/A,N/A,N/A,N/A,N/A,N/A,N/A,N/A,N/A,N/A,N/A
PLEY,Not Acquired,$10M Series B,FEB '15,Floodgate,Maven Ventures,N/A,N/A,N/A,N/A,N/A,N/A,N/A,N/A,N/A,N/A,N/A
VALET ANYWHERE,Not Acquired,$1.4M Round,FEB '15,CyberAgent Capital,AngelPad,N/A,N/A,N/A,N/A,N/A,N/A,N/A,N/A,N/A,N/A,N/A
FIXED,Not Acquired,$1.2M Seed,JUL '14,Y Combinator,Merus Capital,N/A,$650K Seed,FEB '15,Slow Ventures,Structure Capital,N/A,N/A,N/A,N/A,N/A,N/A
ANDY OS,Not Acquired,$3M Round,FEB '15,500 Startups,Andy Rankin,N/A,N/A,N/A,N/A,N/A,N/A,N/A,N/A,N/A,N/A,N/A
CODEHS,Not Acquired,$1.8M Seed,JAN '15,Learn Capital,Kapor Capital,N/A,N/A,N/A,N/A,N/A,N/A,N/A,N/A,N/A,N/A,N/A
PEER5,Not Acquired,$550K Round,JAN '15,Hillsven,FG Angels,N/A,N/A,N/A,N/A,N/A,N/A,N/A,N/A,N/A,N/A,N/A
ELSEN,Not Acquired,$500K Seed,JAN '15,BOSS Syndicate,Jere Doyle,N/A,N/A,N/A,N/A,N/A,N/A,N/A,N/A,N/A,N/A,N/A
SOCIAL REWARDS,Not Acquired,$1M Seed,DEC '14,MI Ventures,Forefront Venture Partners,N/A,N/A,N/A,N/A,N/A,N/A,N/A,N/A,N/A,N/A,N/A
APPCUES,Not Acquired,$1.2M Round,DEC '14,Accomplice,Ty Danco,N/A,N/A,N/A,N/A,N/A,N/A,N/A,N/A,N/A,N/A,N/A
ROOMSTORM,Not Acquired,$1.1M Seed,DEC '14,Zillionize,Palm Drive Capital,N/A,N/A,N/A,N/A,N/A,N/A,N/A,N/A,N/A,N/A,N/A
SPLITWISE,Not Acquired,$1.4M Round,DEC '14,Great Oaks Venture Capital,rocketship.vc,N/A,N/A,N/A,N/A,N/A,N/A,N/A,N/A,N/A,N/A,N/A
MERCHBAR,Not Acquired,$1M Round,DEC '14,500 Startups,Structure Capital,N/A,N/A,N/A,N/A,N/A,N/A,N/A,N/A,N/A,N/A,N/A
CHANGE.ORG,Not Acquired,$15M Series B,MAY '13,Emagen Investment Group,Summit Action Fund,N/A,$25M Round,DEC '14,Evan Williams,Jerry Yang,N/A,N/A,N/A,N/A,N/A,N/A
APPCITO,Not Acquired,$7.5M Round,DEC '14,Accomplice,March Capital Partners,N/A,N/A,N/A,N/A,N/A,N/A,N/A,N/A,N/A,N/A,N/A
CONNECT.COM,Not Acquired,$2.8M Seed,JUN '14,Jason Calacanis,Brad Feld,N/A,$10.3M Series A,DEC '14,Fosun International,Marc Benioff,N/A,N/A,N/A,N/A,N/A,N/A
BEEP NETWORKS,Not Acquired,$4M Seed,DEC '14,Y Combinator,Western Technology Investment,N/A,N/A,N/A,N/A,N/A,N/A,N/A,N/A,N/A,N/A,N/A
YOI,Not Acquired,$1.5M Seed,DEC '14,VTF Capital,Learn Capital,N/A,N/A,N/A,N/A,N/A,N/A,N/A,N/A,N/A,N/A,N/A
THE WELCOMING COMMITTEE,Not Acquired,$450K Round,NOV '14,BOSS Syndicate,Josh Schanker,N/A,N/A,N/A,N/A,N/A,N/A,N/A,N/A,N/A,N/A,N/A
MEMOIR,Not Acquired,$5.5M Series A,NOV '14,Redpoint Ventures,Thrive Capital,N/A,N/A,N/A,N/A,N/A,N/A,N/A,N/A,N/A,N/A,N/A
CAMBRIAN GENOMICS,Not Acquired,$10M Series A,NOV '14,Draper Associates,Adam Pisoni,N/A,N/A,N/A,N/A,N/A,N/A,N/A,N/A,N/A,N/A,N/A
BOOST MEDIA,Not Acquired,$19M Series C,NOV '14,Battery Ventures,Javelin Venture Partners,N/A,N/A,N/A,N/A,N/A,N/A,N/A,N/A,N/A,N/A,N/A
PATIENTS KNOW BEST,Not Acquired,$1.7M Round,NOV '14,Maxfield Capital,N/A,N/A,N/A,N/A,N/A,N/A,N/A,N/A,N/A,N/A,N/A,N/A
RAMEN,Not Acquired,$300K Seed,NOV '14,FG Angels,N/A,N/A,N/A,N/A,N/A,N/A,N/A,N/A,N/A,N/A,N/A,N/A
BREEZE,Not Acquired,$1.4M Seed,NOV '14,Fabrice Grinda,N/A,N/A,N/A,N/A,N/A,N/A,N/A,N/A,N/A,N/A,N/A,N/A
SCRIPTED,Not Acquired,$9M Series B,NOV '14,Redpoint Ventures,Storm Ventures,N/A,N/A,N/A,N/A,N/A,N/A,N/A,N/A,N/A,N/A,N/A
WANDERU,Not Acquired,$5.6M Series A,NOV '14,500 Startups,Forefront Venture Partners,N/A,N/A,N/A,N/A,N/A,N/A,N/A,N/A,N/A,N/A,N/A
NAYTEV,Not Acquired,$1.3M Seed,NOV '14,N/A,N/A,N/A,N/A,N/A,N/A,N/A,N/A,N/A,N/A,N/A,N/A,N/A
REMOT3.IT,Not Acquired,$2.3M Seed,OCT '14,Compound,CrunchFund,N/A,N/A,N/A,N/A,N/A,N/A,N/A,N/A,N/A,N/A,N/A
HONEYLEDGER,Not Acquired,$445K Seed,OCT '14,Blackbird Ventures,Scott and Cyan Banister,N/A,N/A,N/A,N/A,N/A,N/A,N/A,N/A,N/A,N/A,N/A
BUFFER,Not Acquired,$3.5M Series A,OCT '14,Collaborative Fund,Red Swan,N/A,N/A,N/A,N/A,N/A,N/A,N/A,N/A,N/A,N/A,N/A
ROOM CHOICE,Not Acquired,$900K Seed,OCT '14,N/A,N/A,N/A,N/A,N/A,N/A,N/A,N/A,N/A,N/A,N/A,N/A,N/A
CRATEJOY,Not Acquired,$4M Series A,OCT '14,CRV,N/A,N/A,N/A,N/A,N/A,N/A,N/A,N/A,N/A,N/A,N/A,N/A
BREWBOT,Not Acquired,$1.5M Round,OCT '14,Bullet Time Ventures,FG Angels,N/A,N/A,N/A,N/A,N/A,N/A,N/A,N/A,N/A,N/A,N/A
NUMEROUS,Not Acquired,$700K Round,OCT '14,FG Angels,Bullet Time Ventures,N/A,N/A,N/A,N/A,N/A,N/A,N/A,N/A,N/A,N/A,N/A
CLAY.IO,Not Acquired,$550K Seed,SEP '14,DeNA,N/A,N/A,N/A,N/A,N/A,N/A,N/A,N/A,N/A,N/A,N/A,N/A
POWWOW,Not Acquired,$2.5M Series A,SEP '14,IT-Farm,OurCrowd,N/A,N/A,N/A,N/A,N/A,N/A,N/A,N/A,N/A,N/A,N/A
BOOMBOOM PRINTS,Not Acquired,$400K Round,SEP '14,FG Angels,Confluence Capital,N/A,N/A,N/A,N/A,N/A,N/A,N/A,N/A,N/A,N/A,N/A
HITCH,Not Acquired,$600K Seed,MAR '14,Winklevoss Capital,Kima Ventures,N/A,READ PRESS,SEP '14,N/A,N/A,N/A,N/A,N/A,N/A,N/A,N/A
UNDERGROUND CELLAR,Not Acquired,$1M Round,SEP '14,Barbara Corcoran,N/A,N/A,N/A,N/A,N/A,N/A,N/A,N/A,N/A,N/A,N/A,N/A
KOINIFY,Not Acquired,$1M Seed,SEP '14,zPark Venture,IDG Ventures,N/A,N/A,N/A,N/A,N/A,N/A,N/A,N/A,N/A,N/A,N/A
TRY.COM,Not Acquired,$2.3M Seed,SEP '14,Floodgate,Andrew McCollum,N/A,N/A,N/A,N/A,N/A,N/A,N/A,N/A,N/A,N/A,N/A
ROCKBOT,Not Acquired,$196K Round,AUG '14,Detroit Venture Partners,XG Ventures,N/A,N/A,N/A,N/A,N/A,N/A,N/A,N/A,N/A,N/A,N/A
ZULI,Not Acquired,$1.7M Seed,AUG '14,Menlo Ventures,Winklevoss Capital,N/A,N/A,N/A,N/A,N/A,N/A,N/A,N/A,N/A,N/A,N/A
THE HUMAN DEVELOPMENT COMPANY,Not Acquired,$1.5M Round,AUG '14,Sherpa Capital,Elliot Loh,N/A,N/A,N/A,N/A,N/A,N/A,N/A,N/A,N/A,N/A,N/A
VATLER,Not Acquired,$107K Seed,AUG '14,N/A,N/A,N/A,N/A,N/A,N/A,N/A,N/A,N/A,N/A,N/A,N/A,N/A
PLUM - THE LIGHT SWITCH REINVENTED,Not Acquired,$773K Seed,AUG '14,SeedInvest,American Family Ventures,N/A,N/A,N/A,N/A,N/A,N/A,N/A,N/A,N/A,N/A,N/A
ZIPZAP,Not Acquired,$1.1M Seed,JUL '14,Syndicates Fund,Ben Davenport,N/A,N/A,N/A,N/A,N/A,N/A,N/A,N/A,N/A,N/A,N/A
CROSSFADER,Not Acquired,$2M Seed,FEB '13,Index Ventures,GV,N/A,Seed,JUL '14,Index Ventures,Kleiner Perkins,N/A,N/A,N/A,N/A,N/A,N/A
BLINKFIRE ANALYTICS,Not Acquired,$900K Round,JUL '14,FG Angels,Plug & Play Ventures,N/A,N/A,N/A,N/A,N/A,N/A,N/A,N/A,N/A,N/A,N/A
LIFX,Not Acquired,$12M Series A,JUN '14,Sequoia Capital,N/A,N/A,N/A,N/A,N/A,N/A,N/A,N/A,N/A,N/A,N/A,N/A
LEAP.IT,Not Acquired,$1.1M Seed,JUN '14,Linseed Capital,Dundee Venture Capital,N/A,N/A,N/A,N/A,N/A,N/A,N/A,N/A,N/A,N/A,N/A
BUYNOW WORLDWIDE,Not Acquired,$355K Round,JUN '14,FG Angels,Invest Nebraska,N/A,N/A,N/A,N/A,N/A,N/A,N/A,N/A,N/A,N/A,N/A
BRILLIANT,Not Acquired,$667K Round,MAY '14,N/A,N/A,N/A,N/A,N/A,N/A,N/A,N/A,N/A,N/A,N/A,N/A,N/A
AIRPAIR,Not Acquired,$1M Round,APR '14,Charlie Cheever,N/A,N/A,N/A,N/A,N/A,N/A,N/A,N/A,N/A,N/A,N/A,N/A
LOVELY,Not Acquired,$103K Series A,NOV '13,FundersClub,S-Cubed Capital,N/A,$13M Acquisition,APR '14,N/A,N/A,N/A,N/A,N/A,N/A,N/A,N/A
RABBL,Not Acquired,$775K Seed,APR '14,FG Angels,N/A,N/A,N/A,N/A,N/A,N/A,N/A,N/A,N/A,N/A,N/A,N/A
REALCROWD,Not Acquired,$1.6M Seed,MAR '14,Andreessen Horowitz,Y Combinator,N/A,N/A,N/A,N/A,N/A,N/A,N/A,N/A,N/A,N/A,N/A
BITVORE,Not Acquired,$4.5M Series A,MAR '14,TEEC Angel Fund,Yuri Pikover,N/A,N/A,N/A,N/A,N/A,N/A,N/A,N/A,N/A,N/A,N/A
BOXC,Not Acquired,$1.1M Seed,MAR '14,New Enterprise Associates,500 Startups,N/A,N/A,N/A,N/A,N/A,N/A,N/A,N/A,N/A,N/A,N/A
ATTUNE,Not Acquired,$2M Seed,FEB '14,GV,Harrison Metal,N/A,N/A,N/A,N/A,N/A,N/A,N/A,N/A,N/A,N/A,N/A
ONEFOLD,Not Acquired,$4M Seed,FEB '14,N/A,N/A,N/A,N/A,N/A,N/A,N/A,N/A,N/A,N/A,N/A,N/A,N/A
MOONFRYE,Not Acquired,$1.1M Seed,NOV '13,GV,Greycroft Partners,N/A,N/A,N/A,N/A,N/A,N/A,N/A,N/A,N/A,N/A,N/A
MEDIASPIKE,Not Acquired,$5.2M Series A,NOV '13,Andreessen Horowitz,GV,N/A,N/A,N/A,N/A,N/A,N/A,N/A,N/A,N/A,N/A,N/A
SQWIGGLE,Not Acquired,$1.1M Seed,AUG '13,Ludlow Ventures,Accomplice,N/A,N/A,N/A,N/A,N/A,N/A,N/A,N/A,N/A,N/A,N/A
VASTRM,Not Acquired,$1M Seed,AUG '13,Andreessen Horowitz,Y Combinator,N/A,N/A,N/A,N/A,N/A,N/A,N/A,N/A,N/A,N/A,N/A
SOUNDFOCUS,Not Acquired,$1.7M Seed,FEB '13,Kapor Capital,VTF Capital,N/A,N/A,N/A,N/A,N/A,N/A,N/A,N/A,N/A,N/A,N/A
DROPSHIP COMMERCE - DSCO,Not Acquired,$4.3M Round,FEB '13,Peterson Ventures,Kickstart Seed Fund,N/A,N/A,N/A,N/A,N/A,N/A,N/A,N/A,N/A,N/A,N/A
